,Name,Comment,Time,Likes,Reply Count,Supporter
0,Obed Khan,Shah Rukh Khan sirf ek,2023-01-30T02:44:56Z,0,0,shahrukh khan
1,Aasif Patel,Salman khan,2023-01-29T13:49:48Z,0,0,salman khan
2,V Shejule Status,Only Salman bhai<br>Bhot Hard BhaiâœŒ,2023-01-28T17:53:55Z,0,0,salman khan
3,Avinash Tudu rushika,Bollywood ka sabse bada super star srk,2023-01-28T17:38:39Z,0,0,shahrukh khan
4,DexterDrubo Animations-,"In India Salman Khan has bigger stardom than SRK, but when it comes to world wide SRK has many times more than Salman Khan.",2023-01-28T11:34:45Z,0,0,shahrukh khan
5,Numan Shaikh,Sallu,2023-01-27T08:10:33Z,0,0,salman khan
6,Sahar Hafeez,Srk is king,2023-01-25T17:32:37Z,1,0,shahrukh khan
7,SAJAN_YT,Salman living in people&#39;s heart â¤,2023-01-24T16:19:55Z,0,0,salman khan
8,Shahabuddin Ajmal,Ladko ka favourite only sallu bhai,2023-01-23T20:05:29Z,0,0,salman khan
9,Huda Ansari,Salman bhai bus aur koi nhi hai un ke siva,2023-01-22T20:26:34Z,0,0,salman khan
10,MUSTAFA ADHONI,Salman Khan ko hi King Khan hona hai srk bakwas hai,2023-01-22T20:02:10Z,0,0,salman khan
11,Vartika Yadav,Only bhaijan kyoki he has a pure heart ğŸ¥°ğŸ¥°,2023-01-19T03:55:08Z,0,0,salman khan
12,being stone,Salman Khan is best hero for bollywood,2023-01-18T02:00:22Z,1,0,salman khan
13,Omkar Deshmukh,Shahrukh Khan,2023-01-15T13:34:03Z,0,0,shahrukh khan
14,Raja Talib,One n only Salman Khan bhai,2023-01-15T06:47:10Z,0,0,salman khan
15,Adib Khan,Really Salman khan â¤ï¸â€ğŸ”¥ğŸŒŸğŸŒŸğŸŒŸğŸŒŸğŸŒŸ,2023-01-14T13:43:36Z,0,0,salman khan
16,baazigar channel,King khan srk,2023-01-14T02:43:54Z,0,0,shahrukh khan
17,Billa Sk,Salman Khan,2023-01-13T15:03:05Z,0,0,salman khan
18,RIZ,"Srk is an emotion! The person who made me laugh,cry and taught me to love and help the people â™¥ï¸<br>Srk have quality he don&#39;t believe in quantity<br>No hate to salman khan but I will say no body can match the level of srk!ğŸ˜Œâ™¥ï¸",2023-01-12T10:43:41Z,1,0,shahrukh khan
20,JENA BABU VLOGS,Salaman Khan is brand â¤ï¸â¤ï¸â¤ï¸â¤ï¸â¤ï¸â¤ï¸ğŸ”¥ğŸ”¥ğŸ”¥ğŸ”¥ğŸ”¥ğŸ”¥,2023-01-09T18:55:10Z,0,0,salman khan
21,Muhammad Hasnain,SRK â¤ï¸ğŸ’¥ğŸ’¥ğŸ’¥ HAI PATHAN,2023-01-08T06:09:39Z,1,0,shahrukh khan
22,Khenzoy Konyak,Salman G.O.A.TğŸ’ªğŸ»,2023-01-07T06:28:48Z,1,0,salman khan
23,Malik Tanzeem,Srk best actor worldwide,2023-01-05T19:29:39Z,0,0,shahrukh khan
24,Rakib Khan,Salman bhai best actor of bollywood,2023-01-05T03:36:54Z,0,0,salman khan
25,PAWAN TOMAR,King of Bollywood is srk,2023-01-04T21:51:17Z,0,0,shahrukh khan
26,Akash Sahoo,SRK....King...,2023-01-04T05:14:30Z,0,0,shahrukh khan
27,#luv1996#,maam saudi mein hu yaha srk bh aya tha salman bh yakeen maana salman ke liye aisa sb pagal thy pucho mat unreal fan following haha belhasa dubai son salman ko bolaya tha srk ko nh jao maam aap global deversity award london salman ko mila bill kilinton ne apni security salman ko di srk ko nh,2023-01-01T02:23:58Z,0,0,shahrukh khan
28,#luv1996#,salman luv u,2023-01-01T02:21:40Z,0,0,salman khan
29,Dhiraj Narwade,Srk king of bollywood â™¥ï¸,2022-12-31T09:21:54Z,0,0,shahrukh khan
30,Bilal Haahim,Salman stardom bahoot bada hai,2022-12-30T21:45:47Z,0,0,salman khan
31,Apna Channel,Salman Bhai,2022-12-29T17:22:33Z,0,0,salman khan
32,salman khan superstar megastar ğŸ¥°,No1 superstar megastar salman khan sir no1 badshaah of Bollywood king salman khan sir ğŸ¥°ğŸ¥°ğŸ¥° love you sir ğŸ¥°ğŸ¥°ğŸ¥° tiger bhaijaan sultan Sallu  love you sir power of Bollywood of world king,2022-12-29T11:48:31Z,1,0,salman khan
34,Akshay Kamble,Sallu bhaijaan ka stardom bohot bada haiâ¤,2022-12-27T20:35:27Z,0,0,salman khan
35,priiiiiii...,Srkâ¤ï¸ğŸ¯ğŸŒŒ,2022-12-26T23:49:42Z,0,0,shahrukh khan
36,Shaany Khan,"Srk never end in Bollywood jungle ka Badshah ek hi hota hey one and only king Khan boom entry in Bollywood Pathan, dunky and Jawan",2022-12-25T00:36:44Z,0,0,shahrukh khan
37,Shaikh Rahman,Srk greatest,2022-12-23T20:37:59Z,0,0,shahrukh khan
38,àª¶àª¿àªµàª¾àª¯,SRK,2022-12-23T11:46:49Z,1,0,shahrukh khan
39,Ganesh Marandi,Salman Khan Bhai jaan Bigg star,2022-12-20T17:56:01Z,0,0,salman khan
40,Vk,Bhai india se bahar puch..pta chal jayega papa kaun hai .ğŸ˜‚,2022-12-15T19:14:52Z,0,1,shahrukh khan
41,1 Momin,Salman National hai.Srk International is se samjh lo kis ka stardom bada hai.,2022-12-15T10:17:01Z,0,0,shahrukh khan
42,Ranjeet Chauhan,Srk King â¤ï¸,2022-12-14T04:05:18Z,1,0,shahrukh khan
43,Ashish Pawar,King khan,2022-12-13T18:28:16Z,0,0,shahrukh khan
44,Pradeep Ù¾Ø±Ø¯ÛŒÙ¾ live observer,The most valuable and inspiring personality is Salman khan ğŸ˜ğŸ˜ğŸ¥³ when you want to get the true lessons of life in absolute free,2022-12-12T16:19:02Z,6,0,salman khan
45,bolly_biography,Salman khan always ğŸ”¥,2022-12-12T13:38:04Z,1,0,salman khan
46,Being successful,Salman khanğŸ”¥ğŸ”¥ğŸ”¥ğŸ”¥ğŸ”¥,2022-12-09T19:33:38Z,1,0,salman khan
47,Black Hunter,The last super star ğŸŒŸ yarrrr SRK India ğŸ‡®ğŸ‡³ğŸ‡®ğŸ‡³,2022-12-06T12:02:40Z,1,0,shahrukh khan
48,akshat,Srk is king,2022-12-02T14:30:08Z,0,0,shahrukh khan
49,Bishal,King of world cinema,2022-12-02T06:10:05Z,1,0,shahrukh khan
50,Ayush Ranjan,Srk â¤ï¸â¤ï¸â¤ï¸,2022-11-27T08:09:47Z,1,0,shahrukh khan
51,shoaib khan,Salman khan is the biggest,2022-11-26T15:00:58Z,1,0,salman khan
52,sajidur Rahman,Salman khan.. â¤ï¸,2022-11-23T20:26:43Z,0,0,salman khan
53,Sahil Ashraf,Love u srkâ¤ï¸,2022-11-23T14:57:17Z,1,0,salman khan
54,bairari,Srk,2022-11-23T10:33:51Z,2,0,shahrukh khan
55,Abhishek,World knows srk<br>Locals know selmoin bhoi ğŸ˜‚ğŸ˜‚,2022-11-23T05:29:10Z,0,0,shahrukh khan
56,Abhishek,Other countries know srk DDLJ<br>Salman ko bahar koi nhi janta ğŸ˜‚ğŸ˜‚,2022-11-23T05:27:40Z,0,0,shahrukh khan
57,Abhishek,Srk fans like <br>Salman khan comments,2022-11-23T05:25:29Z,0,0,shahrukh khan
59,Vijay Sasane,La**a mera Salman Khan. Duniya main Srk ke liye pagal hain log,2022-11-22T14:35:00Z,0,0,shahrukh khan
60,Odda hi,"<a href=""https://www.youtube.com/watch?v=EtuJyE7HauY&amp;t=1m44s"">1:44</a> aunty and every wanna be cool people just say Srk is actor and Salman is not actor just a superstar",2022-11-21T02:41:20Z,0,0,shahrukh khan
61,Odda hi,"Sahi bola madam <a href=""https://www.youtube.com/watch?v=EtuJyE7HauY&amp;t=0m41s"">0:41</a> sweet lagta hai Apna lagta hai Salman ğŸ˜‚ğŸ˜‚â¤ï¸â€ğŸ”¥",2022-11-21T02:39:42Z,1,0,salman khan
62,SOUMYA SOUMYA,SRK ğŸ”¥ğŸ”¥ğŸ”¥ğŸ”¥ğŸ”¥ğŸ”¥ğŸ”¥,2022-11-20T07:09:28Z,0,0,shahrukh khan
63,Akash Kumar,Salman Khan,2022-11-20T03:37:09Z,0,0,salman khan
64,being Salman khan fan awais,Bhai,2022-11-18T13:34:20Z,1,0,salman khan
65,Arriyan Raju,Srk king of world,2022-11-15T08:06:59Z,0,0,shahrukh khan
67,Afroz Khan,Srk Ko bol rahe hai  International Famous Hai Mera kaddu famous hai bssk overseas mein acchi movie chalti hai na ki hakle ki sakal,2022-11-14T04:57:46Z,0,0,salman khan
68,Afroz Khan,Salman Khan Ke Jitne fan hai utne kisi actor ka fan nhi hai,2022-11-14T04:55:59Z,0,0,salman khan
69,Afroz Khan,Salman Khan All time fevorite Actor For Me ğŸ’• <br>Love you bhaijaan,2022-11-14T04:54:27Z,0,0,salman khan
70,Proud gurkha,Salman is local hero ğŸ¤£,2022-11-12T19:13:55Z,0,1,salman khan
71,Proud gurkha,Srk is a global superstar love from Nepalâ¤ï¸,2022-11-12T19:13:39Z,0,0,shahrukh khan
73,Dilshad Khan,Are chaman cutiya bhai to bahi hai salman bahi haiâ¤ï¸â¤ï¸â¤ï¸â¤ï¸â¤ï¸â¤ï¸I love you salman khan,2022-11-12T07:04:30Z,0,0,salman khan
74,Mohammad Kaif,Salman Khan ka stadam bada hai,2022-11-11T15:44:20Z,0,0,salman khan
75,Reshav Vo,King is Shahrukh... baadshah ğŸ’–ğŸ’–ğŸ˜˜ğŸ˜š,2022-11-09T20:12:52Z,0,0,shahrukh khan
76,Sattar Buyan,Only Salman  khan,2022-11-09T17:19:09Z,0,0,salman khan
77,reshma sultana,Salmam Khan alwaysâ¤â¤ğŸ”¥,2022-11-09T15:11:56Z,0,0,salman khan
78,Shabaj Ahmad,Salman sir ko koi replace nahi kar sakta duniya me sabse jada famous hero salman sir hai shahrukh nahi,2022-11-09T09:21:43Z,0,0,salman khan
80,being_arsh,Shahrukh khan Badshah ğŸ¥°,2022-11-07T14:34:22Z,0,0,shahrukh khan
81,being_arsh,Srk is srk ğŸ™ŒğŸ¿ğŸ™ŒğŸ¿ğŸ™ŒğŸ¿,2022-11-07T14:33:29Z,1,0,shahrukh khan
83,The Rajasthani nation,Bhai Jaan Salman Khan is the bestğŸ‘ğŸ’¯ â¤,2022-11-07T13:39:18Z,1,0,salman khan
84,mr. gaming 2m,Srk sir se bada Koi nahi â¤ï¸,2022-11-07T02:02:57Z,0,0,shahrukh khan
85,Call__me._. AB,Salman sir megastar of bollywoodğŸ”¥ love from pakistanâ¤,2022-11-06T18:21:05Z,0,0,salman khan
86,Memer boy,srkğŸ”¥ğŸ”¥ğŸ”¥,2022-11-05T20:32:17Z,0,0,shahrukh khan
87,Ali Khan,Only srk KINGâ¤ï¸ğŸ‘‘,2022-11-05T19:00:00Z,1,0,shahrukh khan
88,LIFE IS BEAUTIFUL,Only srk,2022-11-05T16:04:46Z,0,0,shahrukh khan
89,Karan Wankhede,Salman Bhai,2022-11-05T07:36:12Z,0,0,salman khan
90,science wallah,only bhaijjan,2022-11-04T12:28:07Z,1,0,salman khan
91,Azizul Khan at gym,Bhaiya Salman Khan is the best,2022-11-04T10:26:17Z,0,0,salman khan
92,Shrenik Ranka,Saale compare bhi king ki kisse krr rhe haii ğŸ’© Dont compare our King SRK with anyone vo poora Samundra hai mere bhai baki sab uske samne ek bund ke barabar â¤ï¸,2022-11-04T08:16:52Z,0,0,shahrukh khan
93,Niyaz Khan,Salman khan,2022-11-03T09:04:44Z,0,0,salman khan
94,Samim Raj,Salman khan . I&#39;m Big Fan,2022-11-03T08:29:05Z,0,0,salman khan
96,Dilshad Banu,Salman khan mere jan shan hai mashallah allha salman bhi ko hume sha khus rakhi ameenğŸ¤²ğŸ’—ğŸ’“,2022-11-02T17:00:29Z,0,0,salman khan
97,MR Xxx,Only salman khan,2022-11-01T12:48:55Z,0,0,salman khan
98,Md Shumon,Srk best actor,2022-11-01T11:36:20Z,0,0,shahrukh khan
99,Official Raj9064,World biggest international actor srkğŸ¤ğŸ’¯,2022-10-29T17:02:49Z,0,0,shahrukh khan
100,Amit Kumar,Only SRK,2022-10-28T08:45:18Z,1,0,shahrukh khan
101,rashmika mandanna,Srk bolti public,2022-10-27T10:45:08Z,0,0,shahrukh khan
102,shukla shukla,Offcourse Salman Khan. ğŸŒŸ Star Hai... ğŸ‘,2022-10-24T17:57:59Z,0,0,salman khan
103,Yaseen Issa,Salman Khan all the way for me ğŸ™ğŸ™ğŸ™ğŸ’–ğŸ’–ğŸ’–. Salman Khan is a much better actor and better looking than Shahrukh Khan ğŸ”¥ğŸ”¥ğŸ”¥ğŸ˜˜ğŸ˜˜ğŸ˜˜.,2022-10-24T12:35:57Z,0,0,salman khan
104,Nistha Sharma,My favorite actor Salman Khan,2022-10-24T10:58:48Z,0,0,salman khan
105,One Plus,Shahrukh Khan sirf star nahi zindgi hai meri,2022-10-24T06:32:21Z,1,0,shahrukh khan
106,One Plus,India me stardom salman khan hai lekin aap baat kre globally stardom ki to shahrukh ke takkar ka koi nahi,2022-10-24T06:30:38Z,1,0,shahrukh khan
107,Big Wolf,SRK,2022-10-23T15:08:33Z,0,0,shahrukh khan
108,Mr. Official05,One and only Sallu bhaiâœ‹ğŸ’“ğŸ’“ğŸ’“ğŸ’“,2022-10-22T19:38:31Z,0,0,salman khan
109,Shahil Sawant,Salman Khan is best my favourite actor,2022-10-22T12:37:35Z,0,0,salman khan
110,Loo ol Njki,Movie collection say who have more stardomğŸ¤£<br>Obviously Salman Khan ğŸ—¿ğŸ–¤,2022-10-21T18:21:46Z,0,0,salman khan
111,Rohitsk,Janu ka Jaan bhai jaan Salman Khan,2022-10-21T14:26:14Z,0,0,salman khan
112,Rohitsk,Salman bhai jaan,2022-10-21T14:25:30Z,0,0,salman khan
113,Filmy Wap,Kuch bhi kehlo Salman is Salman bhai ki Baat hi alag haiğŸ”¥ğŸ”¥,2022-10-20T18:41:47Z,1,0,salman khan
114,Ghanshyam Malivad,Bhai apne to ek hi hero pasand hai.indian biggest meghastar of Salman bhai â¤ï¸ğŸ’ªğŸ’¯.<br>I love you Salman bhai â¤ï¸,2022-10-20T06:13:00Z,0,0,salman khan
115,pithna legend,Srk ko kehdo ke gribo ki madad kare rumanse me kuch nahi hai bhai rumace to imran hasmi bhi ke lete hai would of the most sicound riches man Bane se kuch nahi hota Dil ho to Salman bhai jaisa,2022-10-19T14:16:13Z,1,0,shahrukh khan
116,pithna legend,Bolybood ka dabang Khan one ef the most bhai  Salman KhanğŸ’ª,2022-10-19T14:13:10Z,1,0,salman khan
117,Katen Palling,King is king skr,2022-10-19T11:23:15Z,0,0,shahrukh khan
118,Md Moazzam khan,Shahruk best actor,2022-10-16T17:22:36Z,1,0,shahrukh khan
119,SHUMAILA,Srk ka stadaam,2022-10-14T17:40:42Z,0,0,shahrukh khan
120,TUFAN GAMING FF,Shahrukh Khan ğŸ¥°ğŸ¥°,2022-10-13T04:34:00Z,0,0,shahrukh khan
121,Afzal,ABE CHUTIYA ğŸ˜ YE TO ZAAHIR HAI KI SALMAN KHAN KA STARDUM JYADA BHARI HAI ğŸ’™,2022-10-12T17:22:42Z,0,0,shahrukh khan
122,OMG ğŸ˜± AWEZ,STORDOM OF SALMAN KHAN â¤,2022-10-12T10:17:32Z,1,0,salman khan
123,adil taimoor,SHAH RUKH KHAN is the most Charitable Actor he doesn&#39;t show off... He&#39;s the only Indian to achieve the biggest charity award,2022-10-11T15:46:35Z,0,0,shahrukh khan
124,adil taimoor,Only SRK rules ğŸ”¥â¤ï¸,2022-10-11T15:44:12Z,0,0,shahrukh khan
125,à¦¬à¦¾à¦‚à¦²à¦¾ à¦Ÿà¦¿à¦¬à¦¿,Agar international hero ki bat Karo to sharukh khan he number 1 kiuki Menevhi sharukh khan ki fan or me India se nehi Bangladesh se Hu....agar sharukh cricket or business pe Jada time na dekar film par time Diya HOTA to Salman kavhi Bhai na banta....sabka Dil par sharuk khan thi rahega,2022-10-11T14:50:27Z,0,0,shahrukh khan
127,Dawood Bagwan,Salman Khan best hai,2022-10-09T13:33:34Z,1,0,salman khan
128,sk.kaifu.x,Srk is srkğŸ”¥ğŸ¤,2022-10-08T09:29:45Z,1,0,shahrukh khan
130,Danish Zehen,Salman Khan is the bast Love you ğŸ˜˜ğŸ¥°,2022-10-06T14:18:05Z,2,0,salman khan
131,jai shri krishna,Srkâ¤ï¸,2022-10-05T13:06:59Z,0,0,shahrukh khan
132,Sagr Sagar,Only Salman bhai bollywood ka baap,2022-10-04T10:14:16Z,1,0,salman khan
134,naveen navariya,King khan srk&#39;s,2022-10-03T03:53:29Z,1,0,shahrukh khan
135,Siddharth Sarmah,One nd only SALMAN BHAI,2022-10-02T12:10:56Z,1,0,salman khan
136,Arish Shaikh,I am biggest fan of salman ğŸ˜ğŸ˜ğŸ˜â¤â¤i love â¤â¤â¤â¤ salman,2022-09-29T17:47:31Z,1,0,salman khan
137,Rakesh Chahal,Srk,2022-09-29T05:03:25Z,1,0,shahrukh khan
138,Suliman Khan,only srk,2022-09-27T16:38:25Z,0,0,shahrukh khan
139,Rosan Shaikh,Only Salman Khan ğŸ’¯ğŸ˜˜,2022-09-25T18:34:30Z,1,0,salman khan
140,Uzair Baloch,Salman khan,2022-09-24T04:44:29Z,1,0,salman khan
141,Sahil Padhan,Bollywood ka sultan Salman Khan ğŸ”¥,2022-09-23T16:08:47Z,1,0,salman khan
142,Sankar Biswas,Srk is world biggest movie Star,2022-09-23T06:33:20Z,0,0,shahrukh khan
143,Cricketer Honey Singh,Only Bhaijaan ğŸ˜â¤,2022-09-22T17:17:37Z,1,0,salman khan
145,FUN2US  STUDIO,Salman is baap,2022-09-20T16:41:00Z,1,0,salman khan
146,Dhiraj Narwade,The king of one only srk,2022-09-18T02:45:19Z,1,0,shahrukh khan
147,"Yooabs Nrn,njr",SRK is most popular actor King of Bollywood,2022-09-17T12:22:41Z,0,0,shahrukh khan
148,Sunil Creation 5546,Megastar Salman khan I love you â¤ï¸â¤ï¸,2022-09-17T10:37:43Z,0,0,salman khan
149,armam Khan,Salman Khan,2022-09-17T05:44:00Z,0,0,salman khan
150,Sohel Tanvir,Salman Khan Bast love you,2022-09-16T20:25:40Z,0,0,salman khan
151,Tiger you 1234,King ğŸ‘‘ sallu bhai,2022-09-16T06:18:06Z,0,0,salman khan
152,Digamber Shinde,Srk,2022-09-15T12:15:37Z,0,0,shahrukh khan
153,Sanjeev karki,Srk ko globally log pehechante hai,2022-09-15T04:03:32Z,0,0,shahrukh khan
154,Kalpesh Patel,Salman bhai hi hoga na,2022-09-12T20:50:38Z,0,0,shahrukh khan
155,Ennu Bhai,Srk â¤ğŸŒ¹ğŸŒ¹,2022-09-09T06:37:52Z,0,0,salman khan
156,Adilabad Comedy vlogs,Salman khan bhaiğŸ¥°ğŸ¥°,2022-09-07T07:15:24Z,0,0,salman khan
157,Hasan abbas zaidi,Salman khan all time blockbuster hero,2022-09-06T16:51:05Z,0,0,salman khan
159,NAMAN KHANDELWAL,Salman Khan super â¤ï¸â¤ï¸,2022-09-06T03:08:49Z,0,0,salman khan
160,Waris Zulfiqar,Stardom ka king ğŸ‘‘ğŸ‘‘ srk hai bus,2022-09-05T22:24:07Z,0,0,shahrukh khan
161,Saharukh Khan,Shahrukh Khan is best actor of Bollywood ğŸ‘ is King Khan of Bollywood ğŸ‘‘ğŸ‘‘ğŸ‘‘ğŸ”¥ğŸ”¥ğŸ”¥ğŸ‘ğŸ‘ğŸ‘ˆ,2022-09-05T16:23:41Z,1,0,shahrukh khan
162,Nahid Rahat,Srk,2022-09-03T18:01:21Z,0,0,shahrukh khan
163,Shoaib Alvi,Always bhaijaaan the baap of box office,2022-09-01T07:41:48Z,0,0,salman khan
164,Bitem Taloh,No offence but Bhai jasn is at another level,2022-08-31T15:00:25Z,0,0,salman khan
165,strong bonding,Salman khan you are doing good job keep it up,2022-08-31T13:16:15Z,0,0,salman khan
166,Mr. Raj,SRK is the real kingğŸ‘‘,2022-08-31T05:23:51Z,1,0,shahrukh khan
167,Mureed,Chakde bazzigar ddlj Salman ni srk ko khairat may day dein,2022-08-28T13:52:28Z,0,0,salman khan
168,Aasif Nariya,Salman Bhai jaan best,2022-08-28T07:17:58Z,0,0,salman khan
170,Shubhu raj Student,Bhai â¤ï¸,2022-08-27T09:48:03Z,1,0,salman khan
171,Hekmtullah Hasand,"SRK<a href=""about:invalid#zCSafez""></a>",2022-08-27T00:00:55Z,0,0,shahrukh khan
172,Amjad Khan,Shahrukhkhan star dam no.1,2022-08-26T19:30:23Z,1,0,shahrukh khan
173,Arbaz Khan,One and only salman khan stardom â¤â¤,2022-08-24T22:05:23Z,0,0,salman khan
174,Waris Zulfiqar,Srk ha king,2022-08-24T20:30:51Z,0,0,shahrukh khan
176,Pramod Kumar Pani,Always Srk â¤ï¸,2022-08-22T14:05:22Z,0,0,shahrukh khan
178,Sahil Ashraf,Love you srk,2022-08-21T09:37:41Z,0,0,shahrukh khan
179,Mohhamd Shaikh,Bhai salman salman hai bo real hero h dikhaba nhi h usme i love sallu â¤â¤â¤â¤,2022-08-20T17:58:48Z,0,0,salman khan
180,Vinod Kumar,Srk is best,2022-08-20T17:24:43Z,0,0,shahrukh khan
181,Azam Khan,Puch kya hai obviously Salman Khan aap khud dekho khud socho Salma ki baat hi alag hai unka alag hi jalwa hai bhai,2022-08-20T14:44:47Z,0,0,salman khan
182,Azizul Khan at gym,Bhaijaan Salman Khan dabang,2022-08-20T11:52:48Z,0,0,salman khan
183,MADHABI Das,Only one Salman Khan or koyi vi nhi,2022-08-18T10:07:38Z,0,0,salman khan
184,Zumrat Khan,Salman Khan best,2022-08-17T06:37:47Z,0,0,salman khan
185,Zumrat Khan,Salman Khan,2022-08-17T06:37:27Z,0,0,salman khan
186,ZevilEdits,Srk king,2022-08-16T12:17:26Z,0,0,salman khan
187,Aryan Nikhare,Always be an SRK FAN,2022-08-16T07:08:03Z,0,0,shahrukh khan
188,Gousabi Jahagiradar,Salman Khan best ğŸ˜ğŸ¥°,2022-08-15T12:44:51Z,0,0,shahrukh khan
189,REFRAMING,Charity sab s jyada srk ka he yar worldwide reserch kro ğŸ¥º,2022-08-13T10:30:54Z,0,0,salman khan
190,REFRAMING,Salman genuine h ğŸ¤£ğŸ¤£ğŸ¤£ğŸ¤£ğŸ¤£,2022-08-13T10:30:26Z,0,0,salman khan
191,REFRAMING,"Salman khan radhe, remake sab ko pasand ayi lekin srk k original nahi",2022-08-13T10:30:10Z,0,0,shahrukh khan
193,Satwashil jakhamale,Jo logo ki madat karta hai wahi real star salman hai,2022-08-13T03:29:02Z,0,0,salman khan
194,Satwashil jakhamale,Ye madam ko bolo ki india se bahar shahrukh se jada salman ke fan hai,2022-08-13T03:26:36Z,0,0,salman khan
195,Ankita Mahi,Salman Khan ğŸ’¥ğŸ’¥,2022-08-11T06:50:12Z,0,0,salman khan
196,MOHAMMAD MOIN SHARIEF,ONLY SRK KING KHAN,2022-08-10T18:17:56Z,0,0,shahrukh khan
197,Imran Khan,Ek lady boli Shahrukh bhi sahi hai aunty srk ki takkar ka bollywood me koi nhi hai jis din Shahrukh khan ko jaan liya us din se apka ideal ban jayega,2022-08-09T18:38:04Z,1,0,shahrukh khan
198,Nandini Bibhar,Salman bhai,2022-08-07T08:22:57Z,0,0,salman khan
199,Khuram Sial,Only srk,2022-08-05T20:40:44Z,0,0,shahrukh khan
200,Suleman Raza,Salman Khan Bhut bura star hai,2022-08-04T08:51:13Z,0,0,shahrukh khan
201,Sagar Ali,Salman vai,2022-08-04T08:01:34Z,0,0,salman khan
202,Sachin Gadwal,Srk,2022-08-03T16:19:54Z,0,0,shahrukh khan
203,Mudasser Ansare,Salman bhai,2022-08-03T06:32:11Z,0,0,salman khan
205,Beowulf Thakur,Selfmade actor srk world king,2022-08-01T16:54:14Z,1,0,shahrukh khan
206,Nassir Farooq,Bollywood ke sultan<br>Sabb ke bhaijaan<br>Love you salmaan,2022-08-01T15:19:17Z,0,0,salman khan
207,Mohd Zeeshan,Salman sir is a best actor bhaijan,2022-08-01T12:59:14Z,0,0,salman khan
208,Mehedi hasan Shanto,Only srk..,2022-08-01T11:11:40Z,0,0,shahrukh khan
211,Deep Singh,SRK Best â¤â¤â¤,2022-07-29T11:40:15Z,0,0,shahrukh khan
212,Junaid world,Srk love you so much ğŸ’–ğŸ˜˜,2022-07-28T13:22:02Z,0,0,shahrukh khan
213,Akash Verma,Agar charity ki baat kro toh srk world mein no 1 actor hai charitable mein bss king show off nhi krta,2022-07-26T15:48:14Z,0,0,shahrukh khan
214,Being Aditya,Kids: Srk <br>Legends: Salman,2022-07-26T13:44:03Z,0,0,salman khan
215,John's fanğŸ’™,Srk is inspiration bosssssss,2022-07-25T06:35:02Z,0,0,shahrukh khan
216,Saroj Odia Desi vlogs,My â¤ï¸ Salman Khan ğŸ’—,2022-07-24T18:14:05Z,1,0,salman khan
217,Pushpa Gupta,Salman khan,2022-07-24T16:24:27Z,1,0,salman khan
218,Md Shahzan,Salman Khan King of Bollywood and international actor,2022-07-24T11:40:46Z,0,0,salman khan
219,Y u I,Srk,2022-07-24T10:10:19Z,0,0,shahrukh khan
220,kartik Kumar,SRK â¤ï¸,2022-07-23T08:40:22Z,0,0,shahrukh khan
221,sunil vishwakarma,Salman bhai,2022-07-22T06:59:53Z,0,0,salman khan
222,Suleman Raza,Salman Khan sabse bda hai,2022-07-21T13:18:20Z,0,0,salman khan
223,Suleman Raza,Salman,2022-07-21T10:59:02Z,0,0,salman khan
224,hk,Salman bhai,2022-07-20T13:22:21Z,0,0,salman khan
225,Mohammed Majeed,Salman Khan sir ğŸ˜Š,2022-07-20T03:53:23Z,0,0,salman khan
226,Sanju vlog,SRK gjb,2022-07-20T02:35:44Z,0,0,shahrukh khan
227,Anmol Vaid,Salman bhai,2022-07-18T21:28:03Z,0,0,salman khan
228,DL gaming,skk sharuk khan king,2022-07-18T03:13:53Z,0,0,shahrukh khan
229,John Naik,You just can&#39;t match the stardom of bhaijaan,2022-07-17T04:55:56Z,0,0,salman khan
230,Colour Games,Salman bhai only,2022-07-16T17:30:43Z,0,0,salman khan
231,Colour Games,Salman Khan only forever,2022-07-16T17:30:24Z,1,0,salman khan
232,Khushi Sena Official,Srk Shah Rukh Khan,2022-07-16T11:28:17Z,1,0,shahrukh khan
233,Javed Iqbal,Salman bhai ka ok,2022-07-16T10:55:08Z,0,0,salman khan
234,Hussain Sh,Shahrukh Khan,2022-07-16T05:38:16Z,0,0,shahrukh khan
237,Divyanshu Patra,Salman khan stardom is best in the world,2022-07-14T03:49:58Z,0,0,salman khan
239,sandy manhas,4 girl explained very well srk global star but aalman is more popular in india,2022-07-12T19:06:35Z,0,0,salman khan
240,Nazeer khan Rajper,Salman khan is real hero I love salman khan sir,2022-07-12T10:01:42Z,1,0,salman khan
242,Ajay Sharma,Salman Khan stardum bada he,2022-07-10T11:06:26Z,0,0,salman khan
243,Ajay Sharma,Bollywood ka baap only Salman Khan best actor in world ğŸŒ,2022-07-10T11:00:52Z,0,0,salman khan
245,Suleman Raza,Salman Khan ka stadam àª¬à«àª°,2022-07-08T06:44:55Z,0,0,salman khan
246,An@s,Obviously SRK,2022-07-07T20:37:44Z,0,0,shahrukh khan
247,Jayesh Verma,Srk ğŸ¥°â¤â¤â¤â¤,2022-07-06T16:13:24Z,0,0,shahrukh khan
248,GAURAV NAHAR,Saharukh khan salman khan ki wajah se star bana because salman ne jo flims reject ki thi saharukh wo flims karke star ban gaya. So srk is star credit goes to salman khan.  So salman khan is best.,2022-07-06T14:52:40Z,0,0,salman khan
249,Gourav Sarange,Srk... king...srk,2022-07-06T03:12:30Z,0,0,shahrukh khan
250,MR muddassir,Only on Salman Khan â¤ï¸â¤ï¸â¤ï¸â¤ï¸â¤ï¸,2022-07-04T15:02:43Z,1,0,salman khan
251,mr Rounak,Salman Bhai Jan ka koi match nhi hn hoga â¤ï¸ğŸ˜Š,2022-07-03T17:25:45Z,0,0,salman khan
252,POSITIVE VIBE,1990s 2000s 2010s 2022 still haar ek decade me Salmna khan ka jawala raha hai he&#39;s is huge mega satar â¤ï¸â¤ï¸,2022-07-03T10:54:31Z,2,0,salman khan
253,Sharuk Khan,SRK,2022-07-02T09:56:21Z,0,0,shahrukh khan
254,Being Rk Sries5817,Salman bhai stardom hero,2022-07-02T04:22:36Z,0,0,salman khan
255,King Zain,Salman khan ğŸ¯ boss,2022-07-01T21:27:42Z,1,0,salman khan
256,Md Rulamin,King of bollywood. The enough name is salman khan,2022-06-28T17:09:12Z,1,0,salman khan
257,Chena Ram,Salman bgai,2022-06-28T17:01:38Z,0,0,salman khan
258,Nadeem Khan,Srk,2022-06-26T18:59:23Z,0,0,shahrukh khan
259,Raju Mondal,"Srk,,,,stdam",2022-06-26T15:46:40Z,0,0,shahrukh khan
260,Mohemmed Gouse,Srka1,2022-06-26T14:57:06Z,0,0,shahrukh khan
261,Mohammed Rais Khan,srk   bhai,2022-06-26T11:15:08Z,0,0,shahrukh khan
262,ADIL,Srk is coming with 3 mega movies pathan jawan and dunki,2022-06-26T03:22:35Z,1,0,shahrukh khan
263,Ra Razaaa,Love you Salman Khan,2022-06-25T17:54:51Z,0,0,shahrukh khan
264,Ra Razaaa,King of bhai jaan,2022-06-25T17:54:37Z,0,0,salman khan
265,MD Hashim Ahmad,salman vai love,2022-06-25T08:44:19Z,0,0,salman khan
266,Mohd Umar,Bhaijann love you,2022-06-25T06:18:03Z,0,0,salman khan
267,Mohd Umar,Salman khan ka ha stardom,2022-06-25T06:15:42Z,0,0,salman khan
268,Rajesh Bhuyan,Salman now brand becouse he is salman ğŸ™ğŸ™ğŸ™ğŸ™,2022-06-24T18:26:10Z,0,0,salman khan
270,Rinku Chawla,King khan srk sbse best hai... Unka koi compititer nhi h always win.. srkâ¤,2022-06-24T10:34:20Z,1,0,shahrukh khan
271,Songs status,Salman Khan,2022-06-22T15:05:44Z,0,0,salman khan
272,Maunik,Boys always s k â¤ï¸,2022-06-22T14:21:33Z,0,0,salman khan
273,Ajay Birla,ğŸ’¯ Percent Shah Rukh Khan.ğŸ™,2022-06-21T10:37:00Z,0,0,shahrukh khan
274,Arslan Kulyyew,SRK KING,2022-06-20T22:14:15Z,0,0,shahrukh khan
275,Viral Shorts,Srk king of the world biggest star âœ¨,2022-06-20T19:31:12Z,0,0,salman khan
276,1no raichapori dolopa Dhemaji,Salman we love you,2022-06-20T17:00:43Z,0,0,shahrukh khan
277,Imran Ali,Srk ke acting ache hai Sallo se,2022-06-19T01:36:16Z,0,0,shahrukh khan
278,Shoaif Shah,Only srk,2022-06-18T14:26:09Z,0,0,shahrukh khan
279,Talib Chowdhary,Salman Khan is great Hero â£ï¸â£ï¸â£ï¸â£ï¸â£ï¸,2022-06-17T19:37:24Z,0,0,salman khan
280,Diganta Das,Salman â¤ï¸,2022-06-15T19:45:18Z,0,0,salman khan
281,RezA RahmaN,Srk Winâ¤ï¸,2022-06-15T18:31:37Z,0,0,shahrukh khan
284,Er.Hemant kachhawa,Srk â¤ï¸â¤ï¸,2022-06-14T09:40:44Z,0,0,shahrukh khan
285,Paihil Malik,Salman ka stardom,2022-06-13T03:39:36Z,0,0,salman khan
286,M.J TV  Sk.meraj07,Is video me Bhai ko sab se jyada pyar mila,2022-06-12T17:20:00Z,0,0,salman khan
287,M.J TV  Sk.meraj07,Bhai,2022-06-12T17:18:46Z,0,0,salman khan
288,keep shine@121,One and only salman khan in every aspects...And who says he is local star..That girl have no knowledge....He is much more popular in asian as well as in european country too ...That we can se during the shoot of ek tha tiger....â™¥ï¸â™¥ï¸He is real ...He people&#39;s heartbeat ..Hero of heartsâ™¥ï¸â™¥ï¸,2022-06-12T11:39:49Z,1,0,salman khan
289,Ranjan Kumar,Salman = Star â­<br>SRK = Actor + Star â­â­<br>That&#39;s why his stardom is huge from any other,2022-06-11T01:46:58Z,37,6,shahrukh khan
290,Ranjan Kumar,SRK ka stardom sabse upar h ..No one can touch â¤ï¸â¤ï¸,2022-06-11T01:28:01Z,3,0,shahrukh khan
291,Manavalan Prabhu,Stardom belongs to SRK Shah Rukh Khan,2022-06-09T17:14:58Z,1,0,shahrukh khan
292,Naveenakumari Naveenakumari,Vote for Salman Khan he is golden heart person,2022-06-08T04:06:18Z,0,0,salman khan
293,Farukh Khan,Shahrukh â¤,2022-06-07T06:15:56Z,0,0,shahrukh khan
294,random videos,Srk â¤ï¸,2022-06-06T10:16:15Z,1,0,shahrukh khan
295,Mimicry Boy01,Shahrukh Khan k stardom he big,2022-06-04T08:17:15Z,0,0,salman khan
296,Husnain Tariq,Saloo g saloooo hor koi nai,2022-06-03T20:29:55Z,0,0,shahrukh khan
297,yeh tau hoga ğŸ˜Š,I think sharuk khan bohat bara star hai kyo k woh bagair kise support bagair kise family background k nechay se uper aye mehnat kar k...bohat bohat hardworking ha SRK ke...salman khan bhe bhai wala bharam baz wala hero ha larkay bohat follow kartay hain salman ko but salman khan ka start unke father saleem khan ke support se hua.....so SRK sb se bara star ha.... love from Pakistan ğŸ‡µğŸ‡°,2022-06-03T18:23:23Z,0,0,shahrukh khan
298,Merajul Ayon,Bollywood ka godfather,2022-06-03T15:31:08Z,0,0,salman khan
299,muskan Siddiqui,Bhai bhai hi,2022-06-01T11:11:36Z,0,0,salman khan
300,XÃKÃ GÃM3R,Salman khan,2022-06-01T09:11:57Z,0,0,salman khan
301,master marvel,Srk In worldwide,2022-05-31T09:34:45Z,0,0,shahrukh khan
302,Harsh Chavan,Salman khan nam bolte,2022-05-28T09:23:16Z,1,0,salman khan
303,Swapnil kangare,Salman bs india me he srk world wide fans he,2022-05-27T21:06:55Z,0,0,shahrukh khan
304,MD shahadat official,Shahrukh ka zyada h<br>Pr mere favourite Salman Khan ğŸ’–ğŸ’–,2022-05-27T20:52:18Z,0,0,shahrukh khan
305,MD shahadat official,Salman Khan ğŸ’–ğŸ’–ğŸ’–,2022-05-27T20:45:50Z,0,0,salman khan
306,Mr Soham gaming,Only srk â¤ï¸â¤ï¸â¤ï¸â¤ï¸â¤ï¸â¤ï¸â¤ï¸,2022-05-25T16:43:52Z,0,0,shahrukh khan
309,Umesh Phulwani,Salman khan â¤ï¸,2022-05-24T07:25:08Z,0,0,salman khan
310,Vasim Thobhat,Only Salman bhai,2022-05-24T05:46:46Z,0,0,salman khan
312,#Mc rotation! gamer#,Jiske pass Romance Hai Vahi asali hero hai Shahrukh Khan,2022-05-21T18:42:51Z,0,0,shahrukh khan
313,Saksham Singh,Salman stardam ğŸ˜,2022-05-21T11:36:47Z,1,0,salman khan
314,anand raj,SRK,2022-05-19T10:15:51Z,0,0,shahrukh khan
315,Swapnil Nipanikar,No doubt SRK â¤ï¸ supper in acting.Salman is only good person but not in acting.,2022-05-19T07:36:53Z,0,0,shahrukh khan
316,Dad gaming yt,Salman khan,2022-05-18T17:21:13Z,0,0,salman khan
317,Muzzam 38,Salman is god of Bollywood,2022-05-14T15:54:07Z,0,0,shahrukh khan
318,Ashish Munfand,Only srk lover,2022-05-14T10:13:38Z,1,0,shahrukh khan
319,Dilshan Athapaththu,Srk ğŸ”¥â¤ï¸,2022-05-13T16:18:32Z,0,0,shahrukh khan
320,FARHAN NADEEM,In comments ğŸ’¬<br>70%â€”srk (ğŸ‘‘khan) <br>30%â€”selmon bhaiğŸ”¥,2022-05-12T03:34:46Z,2,0,shahrukh khan
321,Joya Parveen,Salman ko local bolati hai tere ko pata nahin hai kya Bollywood ka ek hi Tiger hai Salman Khan local bolane ki Bhul mat karna Shahrukh Khan is a local Hero that was the fail Hero nithalla Sala,2022-05-08T10:46:06Z,0,0,salman khan
322,M Bilal,Srk ke sab se zyada fan he comments me b or worldwide b â¤,2022-05-07T22:16:50Z,0,0,shahrukh khan
323,Sonu Rai,Sabaka bap suny deol,2022-05-07T03:54:51Z,0,0,shahrukh khan
324,Sajid Khan,Srk best,2022-05-06T13:44:10Z,0,0,shahrukh khan
325,Ayush Aryan,King khanğŸ’¯ğŸ’¯ğŸ’¯ğŸ’¯ğŸ’¯,2022-05-05T17:27:14Z,0,0,shahrukh khan
326,Shihab Mim,Biggest superstar in the world srkâ¤ï¸,2022-05-05T05:53:38Z,0,0,shahrukh khan
327,Tushant Pansotra,Sallu Bhai ğŸ’•ğŸ’•ğŸ’•,2022-05-04T12:50:12Z,0,0,salman khan
328,Shivaleela Mudhiraj,You are sk fan,2022-05-04T10:40:13Z,0,0,shahrukh khan
329,Aisha Iqbal,Sslman,2022-05-02T22:07:14Z,0,0,salman khan
331,Saibur Sk,Bollywood Ka no 1 actor shahrukh ğŸ’–ğŸ’–ğŸ’–ğŸ’–ğŸ’—ğŸ’—ğŸ’“ğŸ’“ğŸ’ğŸ’ğŸ‘ŒğŸ‘Œâ¤ï¸ best actor,2022-05-02T00:06:32Z,0,0,shahrukh khan
332,Saibur Sk,Shahrukh jaisa acton kye Nahi ban Sakta Kisi ke bap Ka dam Nahi hai shahrukh jaisa ban ke dikhayağŸ’ğŸ¤©ğŸ¥°â™¥ï¸ğŸ’¯ğŸ’¯ğŸ’¯ğŸ¤—ğŸ’˜â™¥ï¸ğŸ’—ğŸ’–,2022-05-02T00:05:59Z,0,0,shahrukh khan
333,FACTS WORLD,Srk,2022-04-29T09:11:33Z,0,0,shahrukh khan
334,Raaztahasildar Raaz,Salman bhai have srk nahi bro,2022-04-28T19:31:06Z,0,0,salman khan
335,Mohemmed Gouse,Srks1,2022-04-26T15:44:59Z,1,0,shahrukh khan
336,Paramjit Kaur,SRK ğŸŒ¹ğŸŒ¹ğŸŒ¹ğŸŒ¹ğŸŒ¹,2022-04-21T16:10:46Z,0,0,shahrukh khan
337,Ayush Tyagi,King of box office none other than Salman Khan,2022-04-20T05:44:49Z,0,0,shahrukh khan
338,Superstar Vijay,SALMAN KHAN BIGGEST SUPERSTAR,2022-04-20T04:48:26Z,0,0,salman khan
339,Superstar Vijay,SALMAN KHAN,2022-04-20T04:48:17Z,0,0,salman khan
340,PATHAAN,SHARUKH KHAN THE KING OF heart&#39;s <br>Love from pakistan,2022-04-18T02:53:05Z,0,1,shahrukh khan
341,Jaskirat badhan,Salman Khan is the best  and sahrukh khan is attitude king,2022-04-17T13:57:46Z,0,0,salman khan
343,javeed B,Salman Khan ğŸ˜,2022-04-13T09:48:41Z,0,0,salman khan
344,Rajveer Magare,REAL King ğŸ‘‘ salman Bhai â™¥ï¸,2022-04-13T04:24:53Z,0,0,salman khan
345,Sonu Kumar,Salman Khan very very very very very very very very very very very very very very very very very very very very very very very very very very very very very very very very very very very very very very very very very very very very very very very very very very very very very very very very very very very very very very very very very very very very very very very very very very very very very very very very very very very very very very very very very very very very very very very very very very very very very very very very very very very very very very very very very very very very very very very very very very very very very very very very very very very very very very very very very very very very very very very very very very very very very very very very very very very very very very very very very very very very very very very very very very very very very very very very very very very very very very very very very very very very very very very very nice nice nice nice nice nice nice nice nice nice nice nice nice nice nice nice nice nice nice nice nice nice nice nice nice nice nice nice nice nice nice nice nice nice nice nice nice nice nice nice nice nice nice nice nice nice nice nice nice nice nice nice nice nice nice nice nice nice nice nice nice nice nice nice nice nice nice nice nice nice nice nice nice nice nice nice nice nice nice nice nice nice nice nice nice nice nice nice nice nice nice nice nice nice nice nice nice nice nice nice nice nice nice,2022-04-09T18:13:20Z,0,0,salman khan
346,Sonu Kumar,Salman Khan very nice,2022-04-09T18:11:49Z,0,0,salman khan
347,king love u,Salman bhi accha but Salman indin Ek tar  but sahruk  walrd bigest supar istar hai,2022-04-07T18:30:39Z,0,0,shahrukh khan
348,king love u,Abe ullu log walrd bigest supar istar hai king khan,2022-04-07T18:29:28Z,0,0,salman khan
349,Apna Channel,Heart touching mr Salman Khan,2022-04-06T12:36:08Z,1,0,salman khan
350,safiul alom,Sabka baap hai srk,2022-04-06T07:26:59Z,0,0,shahrukh khan
351,Vikesh Nayak,Srk i love you,2022-04-05T10:19:31Z,0,0,shahrukh khan
352,Vikesh Nayak,Srk best,2022-04-05T10:18:32Z,0,0,shahrukh khan
353,aaditya,Salman Khan gareebo ki help krta hai lekin most charitable actor srk haiğŸ˜‚â¤ï¸Salman Khan logo ko batata hai lekin shahrukh khan kabhi dusro ko nhi btata ki usne gareebo ke liye kya kiya haiğŸ™ isliye Salman Khan ko log zyada psnd krta hai kyunki vo sabko btata hai ki usne gareebo ki help ki haiğŸ™„bss yahi frk hai dono mainğŸ™„ek bhot kuch karta  hai lekin btata nhi aur ek karta to hai lekin btata bhi haiğŸ™„I love srk as an actor not as an charitable starğŸ˜‘aur vo log to psnd hi nhi mujhe jo pehle karte hai or jatate hai ki humne ye kiya haiğŸ™„,2022-04-04T16:06:14Z,0,0,salman khan
354,Talib ansari,Srk the King of Bollywood ğŸ‘‘,2022-04-03T10:56:43Z,0,0,shahrukh khan
355,Manoj Chaudhary,Srk,2022-03-30T12:46:13Z,0,0,salman khan
356,Raja Sk,Salman,2022-03-29T11:05:20Z,0,0,salman khan
357,India India,Both are king of Bollywood but srk â¤ï¸âœŒï¸âœŒï¸ his face expressions omg,2022-03-28T11:21:56Z,1,0,shahrukh khan
358,ahmad roy,Salman is the best,2022-03-28T08:57:35Z,0,0,salman khan
359,Atul Rawat,Salman,2022-03-26T21:05:12Z,0,0,salman khan
360,NAYEEMA KHANUM,Legend choose only salman khan,2022-03-26T06:25:04Z,1,0,salman khan
361,Khizar Gujjar,Salman Stardom Bigger Than SRK,2022-03-25T13:19:37Z,0,0,salman khan
363,Manish Bardhan,Srk,2022-03-25T03:40:08Z,0,0,salman khan
364,SANJU PANDEY,Srk world&#39;s biggest moviestar,2022-03-24T15:20:42Z,1,0,shahrukh khan
365,Mridul Kalita,Shahrukh â¤â¤â¤ğŸ™ğŸ™ğŸ™,2022-03-24T05:19:31Z,0,0,shahrukh khan
366,Chill,Sallu ğŸ’ªğŸ’ªğŸ’ªğŸ’ª,2022-03-23T08:37:50Z,0,0,salman khan
367,zainab queen,Salman khan ko dhekte hii kuch aisa lgta hai ki jaise koi apna ho â¤ï¸â¤ï¸,2022-03-22T17:01:06Z,0,0,salman khan
368,zainab queen,Ek baat bolu salman khan jaisa na koi hai na koi tha aur na koi hoga â¤ï¸â¤ï¸,2022-03-22T16:59:55Z,3,0,salman khan
369,zainab queen,Salman sir always best,2022-03-22T16:58:56Z,0,0,salman khan
370,Rishu Bhardwaj,stardom....salman...but....king srk,2022-03-22T06:01:04Z,0,0,salman khan
372,bidyut sardar,"Only 1 one SRK, next Salmon khan",2022-03-21T04:55:19Z,0,0,shahrukh khan
373,mr__ faizu,Salman Khan â¤ï¸â¤ï¸â¤ï¸ only megastar,2022-03-20T20:17:07Z,0,0,salman khan
374,Ğ£Ñ‚ĞºĞ¸Ñ€Ğ±ĞµĞº Ğ™ÑƒĞ»Ğ´Ğ°ÑˆĞ¾Ğ²,Salman Khan is more of a fan,2022-03-12T03:51:22Z,1,0,salman khan
375,mohammad farooq nadaf,Bap Bap hota hai &quot;Salman Khan&quot; .,2022-03-07T08:22:29Z,0,0,salman khan
376,Salman Khan Bhai,Salman bhai best,2022-03-06T19:07:14Z,0,0,salman khan
377,Mohd Osman Quadri,Srk,2022-03-06T13:41:29Z,0,0,shahrukh khan
378,5kings boys,Salman,2022-03-05T12:11:58Z,0,0,salman khan
379,Sarulatha Veania,Only king sharukhan ğŸ”¥ğŸ”¥ğŸ”¥ğŸ”¥ he is number 1 ğŸ”¥ğŸ˜˜ğŸ”¥,2022-03-04T23:16:13Z,2,0,shahrukh khan
380,Sarulatha Veania,King sharukhan ğŸ”¥ğŸ’‹ğŸ˜˜ğŸ˜ğŸ˜ğŸ˜,2022-03-04T23:15:38Z,1,0,shahrukh khan
382,Satish Jain,SRK ke aage koi bhi nhi h ..N salman N Amitabh.. Srk is an international star from India,2022-03-01T08:35:25Z,0,0,shahrukh khan
383,Sk Masud bagnan fan,Salman,2022-02-27T06:09:56Z,0,0,shahrukh khan
384,Rahil Charak,Srk the biggest stardom,2022-02-26T18:16:51Z,0,0,salman khan
385,Wasif Baloch,Salman khanâ¤ï¸ğŸ”¥,2022-02-25T20:49:59Z,0,0,salman khan
386,laxPrem,Salman khan,2022-02-24T08:07:10Z,0,0,salman khan
387,Axom Papu,Srk king,2022-02-23T07:02:34Z,1,0,shahrukh khan
388,Md Anas,Sallu Bhai ka,2022-02-22T17:02:27Z,0,0,salman khan
389,Aman Mahadeva,Aaj ke time me salman bhai bap of bollywood,2022-02-22T16:00:28Z,0,0,salman khan
390,Dhanush P,SRK is the undisputed king and He is soo much more generous than Salmaan khan,2022-02-22T15:47:21Z,1,0,shahrukh khan
391,Shushma Rani,You should compare him with Hollywood actors like Tom Cruise or more he is already King of Bollywood,2022-02-21T16:52:52Z,0,0,shahrukh khan
392,Shushma Rani,2nd largest film industry in world in foreign countries people talks about bollywood the first name is SRK means bollywood,2022-02-21T16:51:36Z,0,0,shahrukh khan
393,Shushma Rani,Obviously Shahrukh&#39;s stardom is beyond any other Indian actor he is World&#39;s biggest movie star and also hee don&#39;t need to introduce himself anywhere,2022-02-21T16:48:53Z,0,0,shahrukh khan
394,Sourav Dhara,Ony SRK,2022-02-20T03:50:20Z,0,0,shahrukh khan
395,Sahil Nayak,Salman Khan is god not hero,2022-02-19T03:27:53Z,1,0,salman khan
398,Akshay Aggarwal,Jungle ka ek hi raja hota h sher aise hi ek hi h Salman khan Kitne aaye Kitne gaye par Salman khan jaisa koi nhi,2022-02-15T15:40:48Z,0,0,salman khan
400,motivation and status short video,Salmankhan is bollywood ğŸ‘‘,2022-02-14T06:27:14Z,1,0,salman khan
401,Younus khan,Shahrukh Khan zabardast,2022-02-14T03:59:07Z,1,0,salman khan
402,Salman sk bhai Shaikh,Only  salman khan bhai ğŸ˜,2022-02-14T02:16:28Z,0,0,shahrukh khan
403,S O H E L,Srk in the world â¤ï¸â¤ï¸,2022-02-13T14:09:59Z,0,0,shahrukh khan
404,sk  Sahil,Srk,2022-02-13T10:54:11Z,0,0,shahrukh khan
405,hp pareek,Srk is best,2022-02-11T19:40:59Z,0,0,shahrukh khan
406,Janak kalita,Salman bhai is a megastar â¤â¤ğŸ¥‡,2022-02-11T17:02:49Z,0,0,salman khan
407,Syed Moiz,Baap of Bollywood most power full man ğŸ’ªsalman khan â¤,2022-02-10T20:19:34Z,12,0,salman khan
408,Md. Rokon Uzzaman,Srk best world biggest STAR,2022-02-08T08:13:24Z,1,0,shahrukh khan
409,Asif Shaikh,Onliye salman khan,2022-02-07T23:06:04Z,0,0,salman khan
410,FAISUJANNAT 22,Salman Khan ğŸ¥°,2022-02-07T22:04:16Z,1,0,salman khan
411,Aun Muhammad,Stardom tu srk ka zada hai,2022-02-07T20:19:19Z,1,0,shahrukh khan
412,Zeeshan Ahreen,Salman khan is rock king,2022-02-07T12:33:22Z,0,0,salman khan
413,Movie -Sight......,SRK ğŸ”¥ğŸ”¥ğŸ”¥,2022-02-06T17:16:49Z,0,0,salman khan
414,JAIVEER SINGH,Srk n sunny deol,2022-02-06T09:30:51Z,0,0,shahrukh khan
415,Motivational channel,I like shahrukh more than salman khanğŸ™‚,2022-02-05T16:02:33Z,1,0,shahrukh khan
416,STATUS LOVER,Salman â£ï¸,2022-02-04T16:13:20Z,0,0,shahrukh khan
417,P4U ALL,Salman Khan fans zyadatar Indian fans <br>But shahrukh khan ke fans pore duniya mai hai <br>SRK king khan King ğŸ‘‘ğŸ‘‘ğŸ‘‘ğŸ‘‘ğŸ‘‘ğŸ‘‘ğŸ‘‘ğŸ‘‘ğŸ‘‘ğŸ‘‘ğŸ‘‘ğŸ‘‘ğŸ‘‘,2022-02-03T16:59:45Z,0,0,salman khan
418,Abu Bakkar Siddique,Salman khan,2022-02-03T16:35:52Z,0,0,salman khan
419,Secret,Salman khan,2022-02-02T09:25:37Z,1,0,salman khan
420,Asad Khan,Salman khan â¤ğŸ˜Š,2022-02-01T07:29:34Z,1,0,salman khan
421,Arman shaikh,Phuchne ki kya baat hai super hero only srk hai,2022-01-31T10:38:31Z,0,0,shahrukh khan
422,Farida shariff,SRK king,2022-01-31T10:02:17Z,1,0,shahrukh khan
423,HRJS entertainment,Srk sir,2022-01-31T07:38:39Z,0,0,shahrukh khan
424,sakshi,Salman ğŸ”¥ğŸ”¥,2022-01-30T11:44:32Z,0,0,salman khan
425,L.S Analyst,I love srkk alwaysğŸ’ªğŸ’ªğŸ’ªğŸ’ªğŸ’ª,2022-01-30T04:43:48Z,0,0,shahrukh khan
429,Aryan khan,Srk all time favoriteğŸ˜ğŸ˜,2022-01-29T15:52:56Z,0,0,shahrukh khan
430,Rahul Kumar,SrkğŸ”¥,2022-01-28T16:03:35Z,0,0,shahrukh khan
431,md shajen,Salman ki fan,2022-01-28T13:44:20Z,0,0,salman khan
432,Abhishek Kumar,Only SRKğŸ™â¤ï¸,2022-01-27T06:50:20Z,1,0,shahrukh khan
433,krishn beer,God of acting srk,2022-01-26T05:53:59Z,0,0,shahrukh khan
434,Dr. Ashish Rao,Shahrukh is best actor all over but Salman khan is the only actor love by all age groups â¤ï¸,2022-01-25T19:51:04Z,0,0,shahrukh khan
435,Vicky kumar,Salman Khan,2022-01-25T03:52:50Z,1,0,salman khan
436,Mushrafeen Qureshi,Sk ğŸ˜ğŸ˜ğŸ˜,2022-01-24T11:40:34Z,1,0,shahrukh khan
437,Sangeeta Saini,STARDOM COMPARISON<br>Salman&#39;s stardom - only in India. <br>Srk&#39;s stardom - all over the world.,2022-01-23T12:38:05Z,0,0,shahrukh khan
438,~princessğŸ˜‡,One &amp; Only Salman Khan ğŸ¥°â¤ï¸â¤ï¸â¤ï¸â¤ï¸â¤ï¸,2022-01-22T11:19:10Z,0,0,salman khan
439,Moumita Saha,Always srk king of bollywood always,2022-01-22T09:28:51Z,0,0,shahrukh khan
440,Satyam Jain,Always SRK!!!ğŸ¥°,2022-01-22T02:24:26Z,2,0,shahrukh khan
441,tech and earn,King of bollywood srk,2022-01-21T18:42:46Z,0,0,shahrukh khan
442,Nahim Khan,King Khan and Salman Khan,2022-01-21T17:30:33Z,0,0,salman khan
444,Oshru Islam,Bhai<br>Srk 3 saal se koi movie nehi kya<br>Pher bhi srk <br>Is biger thaan saalman,2022-01-20T06:13:30Z,0,0,shahrukh khan
445,Ram Keval,Salman Khan is best,2022-01-19T08:23:06Z,0,0,salman khan
446,Mittu:),Srk is best forever.,2022-01-18T08:35:29Z,0,0,shahrukh khan
448,Raj Sahu,Srk king of world cinema,2022-01-15T09:28:18Z,0,0,shahrukh khan
449,SARAJ BISWAS,My favourite shahrukh khan,2022-01-14T12:38:13Z,0,0,shahrukh khan
450,Kaif Sayyed,Bhaijaan is best actor bollowood,2022-01-13T07:23:57Z,0,0,salman khan
451,Kaif Sayyed,Salman khan is best stardom oll time,2022-01-13T07:23:00Z,0,0,salman khan
453,I love mera pyar pata nahi kaha ho i miss you my love salman sk,Salman khan,2022-01-12T16:31:45Z,0,0,salman khan
454,Aamir Khan,SRK is PR made Star ğŸ˜‚,2022-01-12T12:54:07Z,0,0,shahrukh khan
455,roky,Only one Salman Khan golden heart â¤ï¸â¤ï¸,2022-01-11T18:30:24Z,0,0,salman khan
456,Dilbar RazzakğŸ‡®ğŸ‡³,Salman Bhai &gt;&gt;&gt;,2022-01-09T17:24:49Z,0,0,salman khan
457,Malik Talal,Legandary salman khan have no match...,2022-01-09T07:16:01Z,0,0,salman khan
459,Rana Singh,SRK Fans ğŸ˜˜,2022-01-07T17:38:02Z,0,0,shahrukh khan
460,Rana Singh,SRK Fans,2022-01-07T17:37:45Z,0,0,shahrukh khan
461,Zibran Khan,SRK â¤ï¸,2022-01-07T16:44:55Z,0,0,salman khan
462,Muzaffar Nadkar,Salman khan is real king of bollywood he is the lion king of world cinema bollywood yeah baby,2022-01-07T12:55:14Z,0,0,salman khan
463,Jagran Murmu,Salman khan ğŸ’ªğŸ’ªğŸ’ªğŸ”¥ğŸ”¥ğŸ”¥,2022-01-07T08:53:50Z,1,0,salman khan
464,Kuldeep Nishad,Agar aapke pass choice hoga aap kisse milna chahte hai to sayad salman bhai ko hi sab chunenege kyuki bhai jab chalte hai lagta hai koi lion chal raha hai,2022-01-06T18:04:23Z,0,0,salman khan
465,6 Prince Choudhary,Salman only,2022-01-06T14:25:50Z,1,0,salman khan
466,Imran Ali,Saharukh khan king hai to salman khan tiger hai,2022-01-06T14:08:03Z,0,0,salman khan
467,Khabar Mania,Salman khan,2022-01-06T10:12:00Z,0,0,salman khan
468,shayal Ghising,Love You Salman From Nepal â¤,2022-01-06T06:19:32Z,0,0,salman khan
469,tiger abhi zinda hai,Salman Khan King of Bollywood,2022-01-05T04:17:57Z,0,0,salman khan
470,Rajeev,SRK srk,2022-01-04T19:10:43Z,0,0,shahrukh khan
471,Rajeev,SRK is greatest actor in the world,2022-01-04T19:05:46Z,0,0,shahrukh khan
472,ok,King yarr,2022-01-04T03:15:07Z,0,0,shahrukh khan
473,Sudipta Ghosh Ã£bÃ§d,SRK&#39;s laughing is better than salman khan&#39;s whole acting career,2022-01-03T14:40:06Z,1,0,shahrukh khan
474,SHUBH Hemsworth,We love srk â¤ï¸,2022-01-02T16:09:26Z,0,0,shahrukh khan
475,Dhanaji lendve,Sallu Bhai â¤ï¸,2022-01-02T13:14:55Z,0,0,salman khan
476,Pulsar Lover,Salman khan always best â¤ï¸ love from bangladesh,2022-01-02T11:13:35Z,0,0,salman khan
477,Manish Chandora,SALMAN BHAI KE FAN SALMAN BHAI SE MOTIVATE NHI HOTE //// SRK KE FAN UNPE 500 PAGES KI EK BOOK LIKH SAKTE HAI OR BOHOT MOTIVATIONAL BHI HAI,2022-01-02T10:24:41Z,0,0,salman khan
478,tushar thakur,Salman has more fans in india but globally srk rules !,2022-01-02T04:11:49Z,0,0,salman khan
479,Arshad Khan,Slman best gulobal istar us ke har jgah us ke fehn hai uk ho ya Asteliya ho cahe igilaynd ho cahe dubai ho us hr jagh se pyar milta hai,2021-12-30T22:43:38Z,0,0,shahrukh khan
480,Ilyaz Shekh,SrkğŸ”¥ğŸ”¥ğŸ”¥ğŸ”¥ğŸ”¥ğŸ”¥ğŸ”¥ğŸ”¥ğŸ”¥,2021-12-30T07:58:10Z,0,0,shahrukh khan
481,satish bansode,Only one the king of Bollywood srk,2021-12-29T20:48:58Z,0,0,shahrukh khan
482,Imam Mahdi; Kalki Avatar@ Alra Tv,Always salman â¤â¤â¤â¤your,2021-12-29T13:39:35Z,1,0,salman khan
483,Sk Nasim Uddin Sk Nasim Uddin,SRK ğŸ˜ğŸ˜,2021-12-28T06:40:28Z,0,0,shahrukh khan
484,Calm music channel,salman khan,2021-12-26T14:05:09Z,0,0,salman khan
485,Mohammed Balaj,Srk sir ğŸ˜,2021-12-26T00:36:46Z,0,0,shahrukh khan
486,pavni Bisht cute,Salman khan is the best ğŸ¦ ğŸ¦ ğŸ˜ ğŸ˜,2021-12-25T13:45:40Z,0,0,salman khan
487,Tiger Raj,On le on srk,2021-12-24T16:54:25Z,0,0,shahrukh khan
489,Taqi sab,Mera heero srk love you srkğŸ˜ğŸ˜˜ğŸ˜˜,2021-12-23T20:25:36Z,0,0,shahrukh khan
491,Ameersohail Mohd,Srk,2021-12-21T10:15:52Z,0,0,shahrukh khan
492,WatchIT,Overacting ka King Srk,2021-12-20T23:00:25Z,0,0,shahrukh khan
493,WatchIT,Salman,2021-12-20T22:59:55Z,0,0,salman khan
494,Salman khan fan club..,Salman khan bhaijan,2021-12-19T07:37:37Z,0,0,salman khan
495,ZR CREATIONS,srk â™¥ï¸,2021-12-17T17:38:49Z,1,0,shahrukh khan
496,Bharat Kagi,SRK King of the world,2021-12-15T16:57:59Z,1,0,shahrukh khan
497,Ayan Sayyed,Always salman bhai,2021-12-15T07:17:30Z,0,0,salman khan
498,REZAUZ ZAMAN MOLLAH,Salman Khan ğŸ”¥ğŸ”¥,2021-12-14T18:12:21Z,0,0,salman khan
499,Mohd Shabahat Husain,Srk is best,2021-12-13T21:23:05Z,0,0,shahrukh khan
500,Ebrahim Jan,Love you Salman,2021-12-13T07:34:12Z,0,0,salman khan
501,Ebrahim Jan,"Salman ,we are one ,mane,,is a bing homen",2021-12-13T07:33:41Z,0,0,salman khan
502,Md Armaan,Srk king Khan,2021-12-12T17:02:51Z,0,0,salman khan
503,Irshad Malik,Sallu bhai,2021-12-11T15:01:40Z,0,0,salman khan
504,Milan Tamang,Salman khan in india has no comparison. But globally srk is ahead.,2021-12-11T13:59:30Z,0,0,salman khan
505,Chetan Bhalerao,Srk is greatest acter in the world ğŸŒ,2021-12-10T08:45:33Z,0,0,shahrukh khan
506,Md jamshed Ali,Bhaijaanâ¤ï¸â¤ï¸â¤ï¸â¤ï¸,2021-12-09T21:31:19Z,0,0,salman khan
507,Kabir Khan,Tiger salman khan â£ï¸,2021-12-07T06:17:52Z,0,0,salman khan
508,Kabir Khan,Dono but jada salman khan â£ï¸,2021-12-07T06:17:02Z,0,0,salman khan
509,"khursid,Rahaman","Only Salman always, handsome man",2021-12-05T13:55:38Z,0,0,salman khan
510,plinth to Aim (Gs),Srk is king,2021-12-05T08:47:23Z,3,0,shahrukh khan
511,Hamza Sandhu,Salman Khan,2021-12-02T13:39:29Z,0,0,salman khan
512,Hamza Sandhu,Salman Khan,2021-12-02T13:39:23Z,0,0,salman khan
513,Hamza Sandhu,Salman Khan â¤ï¸â¤ï¸,2021-12-02T13:39:17Z,0,0,salman khan
514,Mehtab Ahmad,Salman khan,2021-12-02T10:58:56Z,0,0,salman khan
515,ansari tabish,Srkâ¤.aur Isko explain krne ki Zaroort ni hai,2021-12-02T07:56:25Z,0,0,shahrukh khan
516,sonu pawar,Srk,2021-11-30T14:58:43Z,0,0,shahrukh khan
517,Khan Shahid,Salman bhai bollywood kingğŸ˜ˆğŸ’ğŸ–¤,2021-11-30T10:17:42Z,0,0,salman khan
518,GW MANE,Srk hai achcha,2021-11-30T09:30:04Z,1,0,shahrukh khan
519,Gourav Jadhav,Both are talented and both have a huge Stardom and fan following.. so there should not be any comparison between both Superstar of Bollywood.. But personally I am a huge Fan of Salman Bhai..ğŸ˜ğŸ¤™ğŸ”¥,2021-11-28T09:56:15Z,0,1,salman khan
520,Pradeep Saini,"East or west Salmaan is the best ...,",2021-11-27T18:04:58Z,0,0,salman khan
521,Rajesh Rajesh,Salman no1 is best,2021-11-27T13:24:32Z,0,0,salman khan
522,sk  Sahil,S R K ğŸ˜˜ğŸ˜˜,2021-11-26T19:00:44Z,0,0,shahrukh khan
523,Shrey Shankar,Srk and salman both r good...<br>But class and real acting fans like srk more... Salman bhai ab same hi expressions dete h har movie mein,2021-11-26T18:29:41Z,0,0,shahrukh khan
524,Shrey Shankar,Srk and salman both r good...<br>But class and real acting fans like srk more... Salman bhai ab same hi expressions dete h har movie mein,2021-11-26T18:29:31Z,0,0,shahrukh khan
525,Ahsan Muzammil,King khan number 1,2021-11-26T01:59:49Z,0,0,shahrukh khan
526,Shahan Ahmad,SRK,2021-11-25T07:58:58Z,1,0,shahrukh khan
527,Chetan Sinha,Khano me khano salman khan,2021-11-24T08:14:13Z,0,0,salman khan
528,Mdsuaib Malik,Salman Khan ke fan he like kare use fan Salman â™¥ khan,2021-11-24T04:42:06Z,1,0,salman khan
529,Rakesh Hegade,Salman sir,2021-11-21T08:25:46Z,0,0,salman khan
530,Haritha N,Salman is salmanğŸ’¯,2021-11-21T05:44:00Z,0,0,salman khan
531,Muneeb Mushtaq,salman khan ğŸ”¥,2021-11-19T22:37:08Z,0,0,salman khan
532,jeevan,Salman bhai,2021-11-18T21:01:46Z,0,0,salman khan
533,Rahul gaming,Saluu,2021-11-18T07:54:17Z,1,0,salman khan
534,Epic Gamer,Only one salman khan,2021-11-17T17:53:33Z,1,0,salman khan
535,Mohammad Sakil,Salman khan â¤ï¸,2021-11-15T16:17:57Z,0,0,salman khan
536,divyas sarkar,Salman,2021-11-14T14:21:58Z,0,0,salman khan
537,Rumi Rahman,aur real hero Bhaijaan,2021-11-14T04:33:29Z,0,0,salman khan
538,Kishor Sumra,srk,2021-11-09T16:29:58Z,0,0,shahrukh khan
539,salman khan fan,SrkğŸ‘‘ğŸ‘‘ğŸ‘‘â¤ï¸,2021-11-08T17:06:26Z,2,0,shahrukh khan
540,Shalin Raj,Sharukhkhan ka stardom bahut zada across the globe,2021-11-08T10:09:26Z,0,0,shahrukh khan
541,Parmod Gadekar,SRK the king,2021-11-07T10:28:01Z,0,0,shahrukh khan
542,shahid alim,Bete king ek hi h bollywood ki The SRK,2021-11-07T04:05:55Z,0,0,shahrukh khan
543,shahrukh_khan_555,Srk always,2021-11-06T08:15:56Z,0,0,shahrukh khan
544,imjajyaariyanğŸ’«,Salman is best ğŸ”¥ğŸ”¥ğŸ”¥,2021-11-06T01:11:32Z,1,0,shahrukh khan
545,imjajyaariyanğŸ’«,Bhaijaan â™¥ï¸â™¥ï¸,2021-11-06T01:11:15Z,0,0,salman khan
546,imjajyaariyanğŸ’«,SalluğŸ”¥ğŸ”¥,2021-11-06T01:11:05Z,0,0,salman khan
547,Kshitish kumar Nayak,Mass Or stardom ka bap Megastar Salman khan hi hey â¤â¤,2021-11-05T08:00:56Z,0,0,salman khan
548,Kshitish kumar Nayak,Are  sabar karo guys<br>Salman bhai ka nam hi kafi hey Guys,2021-11-05T07:59:59Z,0,0,salman khan
549,SHAIKH Muzammil,"ğŸ‘‘ The world biggest superstar  Only,,,{ king khan } â¤ï¸",2021-11-04T09:07:11Z,0,0,shahrukh khan
550,Ê€x Ê€á´É´É´Ê,Srk intelijent actor,2021-11-02T08:06:32Z,0,0,shahrukh khan
551,Gane Apani Pasand Ke,Salman khan localğŸ˜œğŸ˜œğŸ˜œ,2021-11-01T10:53:05Z,0,0,salman khan
552,BABY,Srk ki movie nhi chalti toh bhi srk bollywood ke king ğŸ‘‘ hi rhegaâ¤ğŸ§¡,2021-10-31T07:05:47Z,2,0,salman khan
553,Aliza Zafar,Only SRK,2021-10-30T17:59:36Z,0,0,shahrukh khan
554,Mujammil m Shaikh,Salman khan â¤ï¸â¤ï¸,2021-10-30T12:28:01Z,0,0,salman khan
555,silent gaming,Bhai salman khan ğŸ”¥ğŸ”¥,2021-10-29T19:29:19Z,1,0,salman khan
556,Irfan Manjaliya,Salman bhai is the best.,2021-10-29T06:14:58Z,0,0,salman khan
557,Vipin Upadhyay,Srk is the last of actor,2021-10-25T12:52:34Z,1,0,salman khan
558,leo messi,Salman Khan,2021-10-25T12:48:37Z,0,0,shahrukh khan
560,amazing shorts,Only srk,2021-10-23T10:35:22Z,0,0,salman khan
561,Alfaz_e_ziya,Only Bhaijan Salman Khan â¤ï¸,2021-10-13T11:32:25Z,0,0,salman khan
562,Rohan Gamerz yt,Salman bhai op.... Bolte.....ğŸ”¥ğŸ”¥ğŸ¤ŸğŸ»ğŸ¤ŸğŸ»ğŸ¤ŸğŸ»,2021-10-12T14:24:45Z,0,0,salman khan
563,Hammi Brohi,Salman Khan is best,2021-10-12T07:36:47Z,0,0,salman khan
564,Usa From,Salman Khan is king ğŸ‘‘ king of Khan king of Bollywood,2021-10-11T09:39:07Z,1,0,salman khan
565,Lacky Ali,Salman Khan he is biggest hero,2021-10-11T06:31:15Z,1,0,salman khan
566,fasil bhat,Salman Khan is the best,2021-10-09T19:15:15Z,0,0,salman khan
567,Thalapathy Leo !!,SALMAN KHAN ONLY!!!!!!!! ğŸ’¥,2021-10-09T17:33:34Z,10,0,salman khan
568,Heena Ansari,salman thik h acha h but sharukh the best n the world.... sharukh bhut kaam krte h pr chupa kr krte h,2021-10-09T12:08:53Z,0,0,shahrukh khan
569,Mohd Umar,Salman khan Bollywood ka papa,2021-10-07T19:40:30Z,0,0,salman khan
570,Mohd Umar,Salman khan ki bat alag ha yrrr,2021-10-07T19:39:44Z,0,0,salman khan
571,á´›Êœá´‡ Êœá´œÉ´á´‹ É¢á´€á´á´‡Ê€,Srkâ¤â¤â¤,2021-10-04T07:01:11Z,0,0,shahrukh khan
572,Gautam Chikate,Salman Khan star dum,2021-10-04T06:18:05Z,0,0,salman khan
573,md sabir hussain,Srk sab ka baap hai  sab Salman ka fan chutiya hai  Abe Google search kro chutiya log,2021-10-03T04:08:35Z,0,0,shahrukh khan
574,MUDASSIR,I am die heart fan of srk but i dont hate anyone salman khan also good,2021-10-02T19:43:35Z,0,0,shahrukh khan
575,MUDASSIR,Srk ğŸ”¥ğŸ”¥ğŸ”¥ğŸ”¥,2021-10-02T19:23:23Z,0,0,shahrukh khan
576,BOLLYWOOD NEWS,Srk..,2021-10-01T17:34:46Z,0,0,shahrukh khan
577,Razz Das,SRk,2021-09-30T06:51:07Z,0,0,shahrukh khan
578,Razz Das,Srk best hai,2021-09-30T06:49:25Z,0,0,shahrukh khan
579,Junaid Ganie,SALMAN KHAN GAREEBON KI MADAT KRTAY HA,2021-09-27T16:28:11Z,1,0,salman khan
580,Suman Devi,Only salman sirâ¤ğŸ¥°ğŸ¥°ğŸ¥°ğŸ¥°,2021-09-27T08:30:11Z,1,0,salman khan
581,Suman Devi,Salman is really hero ğŸ¥°ğŸ¥°ğŸ¥°ğŸ¥°ğŸ¥°ğŸ¥°â¤â¤â¤â¤â¤â¤â¤â¤â¤,2021-09-27T08:28:14Z,2,0,salman khan
582,Suman Devi,Love you salman sirâ¤â¤â¤â¤â¤ğŸ¥°ğŸ¥°ğŸ¥°ğŸ¥°ğŸ¥°ğŸ¥°ğŸ¥°ğŸ¥°ğŸ¥°ğŸ¥°ğŸ¥° I am big fan ğŸ¥°ğŸ¥°ğŸ¥°ğŸ¥°ğŸ¥°ğŸ¥°ğŸ¥°,2021-09-27T08:25:49Z,1,0,salman khan
583,SarDar Yaroo MehsuD,King Always King Khan SrK ğŸ‘‘â¤,2021-09-27T05:16:34Z,0,0,shahrukh khan
584,SarDar Yaroo MehsuD,King Always King Khan SrK ğŸ‘‘â¤,2021-09-27T05:15:18Z,0,0,shahrukh khan
585,Khemraj Naik,Salman,2021-09-27T03:26:58Z,0,0,salman khan
586,Sohail Khan,Salman khan sab ke abu hy unke jesa koi nhi,2021-09-23T20:24:15Z,0,0,salman khan
587,Firoj Khan,ğŸ‘SRKğŸ‘,2021-09-22T17:30:56Z,1,0,shahrukh khan
589,RIQX GAMING,Srk is king of Bollywood I like him because his best actor... <br>And uski hasi(smile)... WoooğŸ˜Š,2021-09-20T19:23:29Z,1,0,shahrukh khan
590,Anushka ğŸ˜˜,Srk always â¤ï¸,2021-09-19T12:13:17Z,0,0,shahrukh khan
591,zeeshan ahmad,Srk most lovely hero.... King of bollywood.,2021-09-19T07:43:54Z,0,0,shahrukh khan
592,Zahak Bin imran,Salman Khan is a mafia leader and shahrukh khan is a gem Apne kaam se kaam aur dunia Bhar mein naam = srk,2021-09-16T18:40:49Z,0,0,salman khan
593,Sabrina Yasmin Roshni,Hey India we love shahrukh khan sir from German,2021-09-16T15:59:12Z,0,0,shahrukh khan
595,Mom Mom,Srk is global star,2021-09-15T20:16:03Z,1,0,shahrukh khan
596,Shahib Khan,SK INDIA ME HAI BUT SRK POORE WORLD FAMOUS HAI,2021-09-15T02:47:26Z,0,0,shahrukh khan
597,Abhishek Chauhan,Nahi Salman Khan best world wide,2021-09-14T17:26:21Z,0,0,salman khan
598,Roshan trayzy,Srk king of actor,2021-09-14T13:18:45Z,0,0,shahrukh khan
599,ARYAN SHARMA,king khan shahrukh khan,2021-09-13T15:12:58Z,0,0,shahrukh khan
600,Mr RaZz,Arey bhai dono stardom apne aap rehenedo dono doneka jaga acha hai â™¥ï¸,2021-09-13T02:22:39Z,0,0,shahrukh khan
601,Kabir Chaudhary,SRK Khan fan,2021-09-12T05:21:05Z,0,0,shahrukh khan
602,Richa Soni,Obviously Salman Khan,2021-09-11T11:27:53Z,0,0,salman khan
603,NuranÉ™ Abbasova,KÄ°NGğŸ‘‘Shahrukh Khanâ™¥ï¸Scorpio manğŸ¦‚,2021-09-10T07:26:04Z,0,0,shahrukh khan
604,GAFFAR OFFICIAL71,Salman is local heroğŸ˜ğŸ˜‚<br>Srk is international hero,2021-09-10T05:58:57Z,0,0,salman khan
605,Niums,"ye log pagal hai, ye log srk ke bare mein kuch nehi jante..",2021-09-09T09:08:46Z,0,0,shahrukh khan
608,Babo Abbasi,Sallu bahi,2021-09-08T13:27:50Z,0,0,salman khan
609,Nida Adnan,Shahrukh khan,2021-09-08T10:53:14Z,0,0,shahrukh khan
610,stylies gamer,Salman khan india mein star hey buy ark all over world,2021-09-07T08:16:42Z,1,0,shahrukh khan
611,Mohit Baghel,Officially Srk<br>Bcz srk have more stardom compare than salman.<br>Salman is too good and have so humunity but have no much more international popularity like as srk.<br>Finally srk is far far better than salman in stardom,2021-09-06T15:20:09Z,0,0,shahrukh khan
612,Anas javed,SrkğŸ”¥â¤ï¸,2021-09-06T09:31:48Z,0,0,shahrukh khan
613,Ravi Kumar,East or west srk isbestğŸ˜â¤â¤â¤ğŸ¤—ğŸ¤—,2021-09-05T10:43:35Z,0,0,shahrukh khan
614,Imteyaz Ali,Obviously and ofcourse.....bad shah.... Srk,2021-09-05T08:08:57Z,0,0,shahrukh khan
615,Noor zaman Armani,Love and my life srkğŸŒ·ğŸŒ·ğŸŒ·ğŸ’˜ğŸ’˜â¤â¤â¤â¤ğŸ’–ğŸ’–ğŸ’–ğŸ’ªğŸ’ªğŸ’ªğŸ’ª,2021-09-04T20:12:01Z,0,0,shahrukh khan
616,Deepa Vaasu,"Definitely king khan . Love u srk to the power of unlimited no of times,  u the kohinoor of this world . This heart is yours which beats only bcoz of ur presence.  And HAPPY BIRTHDAY KING KHAN. <br>My SRK IS THE BEST IN THIS WHOLE UNIVERSE  .May God bless him with all the happiness and also to his family.",2021-09-04T17:39:53Z,15,0,shahrukh khan
617,LAVLESH KUMAR,Gulabi shirt Vala banda sachha bola...I love srk stragal,2021-09-03T19:39:15Z,0,0,shahrukh khan
618,Crazii Iggy channel,Salman Khan is best is an opinion but SRK is the best is the fact.,2021-09-03T14:52:59Z,0,0,salman khan
620,Hasee Khan,Salman Khan ğŸ¥°ğŸ¥°ğŸ¥°ğŸ¥°,2021-09-02T18:17:13Z,0,0,salman khan
621,Mayank Atkari,Salman Khan stardom at next level,2021-09-02T08:56:00Z,0,0,salman khan
622,SarDar Yar Masood,World Feams Actor King Khan SrK ğŸ”¥â¤ï¸ğŸ”¥,2021-08-31T15:37:13Z,0,0,shahrukh khan
623,Romen,Abe lawde audiance..sark k konsa agle main hero lagta hai..,2021-08-30T09:37:32Z,0,0,shahrukh khan
625,Akash Banik,SRK ke baare jaalo pehle.. Phir yeh charitable work leke Comment krna..,2021-08-29T04:35:20Z,0,0,shahrukh khan
626,Akash Banik,"The face of charity in Bollywood is Salman Khan. Every person who is choosing &quot;Salman Khan&quot; have the reason that he does charity. Kindly for those who have a misconception SRK is by far the most charitable actor in India. He has Int. awards (Unesco, Crystal, Webit) for his charitable works. He believes in silent charities unlike other actors who keeps boasting on charitable works ( Salman , Akshay). I think we all know why Salman Khan started the being human foundation, just for getting public sympathy after his hit and run case, which has became an established brand now and also does deeds. So , That&#39;s just one of the many reasons why Shahrukh Khan is the undisputed King ğŸ‘‘",2021-08-29T04:13:37Z,20,2,salman khan
627,Rohit Bhonar,Salman bhai,2021-08-28T14:54:47Z,0,0,salman khan
630,Akram bajao,Salman Bollywood ka bap,2021-08-27T03:10:51Z,1,0,salman khan
631,Ashar Sherwani,Salman khan,2021-08-26T20:57:07Z,1,0,salman khan
632,Rinku Mishra Official,Only salman khan,2021-08-26T20:01:50Z,0,0,salman khan
633,King khan Shah rukh khan,Always SRK,2021-08-26T13:03:17Z,2,0,shahrukh khan
634,shahzaib ahmed,Shahrukh khan is the king of bollywood â¤ï¸ğŸ¥°ğŸ¥°ğŸ¥°,2021-08-26T08:30:07Z,1,0,shahrukh khan
635,crazy world,Srk is the best.,2021-08-24T08:25:56Z,1,0,shahrukh khan
636,gautam mohanty,Mumbai means Salman Bhai and Sanju baba,2021-08-23T15:48:57Z,0,0,shahrukh khan
637,Salman Ganaie,Salman Khan is best,2021-08-23T12:59:40Z,1,0,salman khan
638,Wel Education,Srk only,2021-08-23T07:21:09Z,1,0,salman khan
639,Wel Education,Srk,2021-08-23T07:21:02Z,1,0,salman khan
640,MOMINUR Sk,Sallu Bhai megastar ğŸ‘ğŸ‘ğŸ‘ğŸ‘â¤ï¸â¤ï¸â¤ï¸ğŸ‘ bollywood ka Baap ğŸ˜˜ğŸ˜˜ğŸ˜˜ğŸ˜˜ğŸ™ğŸ¼ğŸ™ğŸ¼ğŸ™ğŸ¼,2021-08-22T12:17:18Z,1,0,salman khan
641,Mosin Khan,Salman khan,2021-08-21T16:10:51Z,1,0,salman khan
642,Yehya Wani,Sharukh khan is king ğŸ‘‘ğŸ‘‘<br>Salman bhai is also a huge Star<br>But Sharukh khan is a global icon ğŸ”¥ğŸ”¥ğŸ”¥,2021-08-20T10:31:18Z,0,0,shahrukh khan
643,Ahmad khan,Salman Khan ğŸ¥°ğŸ¥°,2021-08-20T03:17:13Z,0,0,salman khan
644,oooooooo,"SKR is very good and looks smart and acting king Bollywood,,ğŸ’¯ğŸ’¯ğŸ’¯ğŸ‘ŒğŸ‘ŒğŸ‘ŒğŸ‘ğŸ‘ğŸ‘ğŸ‘ğŸ‘ğŸ‘",2021-08-20T02:39:49Z,2,0,shahrukh khan
645,NON TECHNICAL GYAN,Salman is better in compare to sharukh khan,2021-08-19T15:42:19Z,0,0,salman khan
646,Salman Khan fan club,Baap of Bollywood salman khan,2021-08-19T09:33:42Z,0,0,salman khan
648,à¤šà¤¾à¤šà¤¾ à¤šà¥‚à¤¤à¤¡à¤¼à¥€à¤²à¤¾à¤²,SRk in worldwide ..Salman only in India,2021-08-18T15:21:15Z,1,0,shahrukh khan
649,Arshad Warsi,Salman Khan is the kind of bollywood,2021-08-17T05:51:28Z,1,0,salman khan
650,Priyanka Dubey,Wo to dikh hi raha hai video me ki SRK ka STARDOM bada hai ya sk ki mere to sk favorite haiğŸ˜ğŸ˜ğŸ˜ğŸ˜ğŸ¥°ğŸ¥°,2021-08-15T20:00:57Z,0,0,shahrukh khan
651,badnam munda,Salman khan is mega star bhai compare mtt karo ğŸ˜˜ bhai sabse alg hai,2021-08-14T19:17:32Z,1,0,salman khan
652,Dark- Shadow,sk is a biggest star i dont think shahrukh knows the acting,2021-08-14T17:05:47Z,1,0,shahrukh khan
653,TONY *STAR*,The reale king of bollywood salman bhai  <b>**sallu**</b>,2021-08-14T07:31:56Z,2,0,salman khan
656,Sai agarwal,Srk is king of world â¤ï¸â¤ï¸â¤ï¸,2021-08-12T06:44:23Z,1,0,shahrukh khan
657,Mohammed chand,Srk,2021-08-12T01:05:23Z,1,0,shahrukh khan
658,Aman Gupta,Bhai ke samne koi nahi,2021-08-11T21:39:10Z,0,0,salman khan
659,Raqib Khan,Salman Khan is the best â¤ï¸â¤ï¸â¤ï¸â¤ï¸â¤ï¸â¤ï¸â¤ï¸â¤ï¸â¤ï¸â¤ï¸â¤ï¸â¤ï¸â¤ï¸â¤ï¸â¤ï¸â¤ï¸â¤ï¸â¤ï¸â¤ï¸â¤ï¸â¤ï¸â¤ï¸â¤ï¸â¤ï¸â¤ï¸â¤ï¸â¤ï¸â¤ï¸â¤ï¸â¤ï¸â¤ï¸â¤ï¸â¤ï¸â¤ï¸â¤ï¸â¤ï¸â¤ï¸â¤ï¸â¤ï¸â¤ï¸â¤ï¸â¤ï¸â¤ï¸â¤ï¸â¤ï¸â¤ï¸â¤ï¸â¤ï¸â¤ï¸â¤ï¸â¤ï¸â¤ï¸â¤ï¸â¤ï¸â¤ï¸â¤ï¸â¤ï¸â¤ï¸â¤ï¸â¤ï¸â¤ï¸â¤ï¸â¤ï¸â¤ï¸â¤ï¸â¤ï¸â¤ï¸â¤ï¸â¤ï¸â¤ï¸â¤ï¸â¤ï¸â¤ï¸â¤ï¸â¤ï¸â¤ï¸â¤ï¸â¤ï¸â¤ï¸â¤ï¸â¤ï¸â¤ï¸â¤ï¸â¤ï¸â¤ï¸â¤ï¸â¤ï¸â¤ï¸â¤ï¸â¤ï¸â¤ï¸â¤ï¸â¤ï¸â¤ï¸â¤ï¸â¤ï¸â¤ï¸â¤ï¸â¤ï¸â¤ï¸â¤ï¸â¤ï¸â¤ï¸â¤ï¸â¤ï¸â¤ï¸â¤ï¸â¤ï¸â¤ï¸â¤ï¸â¤ï¸â¤ï¸â¤ï¸â¤ï¸â¤ï¸â¤ï¸â¤ï¸â¤ï¸â¤ï¸â¤ï¸â¤ï¸â¤ï¸â¤ï¸â¤ï¸â¤ï¸â¤ï¸â¤ï¸â¤ï¸â¤ï¸â¤ï¸â¤ï¸â¤ï¸â¤ï¸â¤ï¸â¤ï¸â¤ï¸â¤ï¸â¤ï¸â¤ï¸â¤ï¸â¤ï¸â¤ï¸â¤ï¸â¤ï¸â¤ï¸â¤ï¸â¤ï¸â¤ï¸â¤ï¸â¤ï¸â¤ï¸â¤ï¸â¤ï¸â¤ï¸â¤ï¸â¤ï¸â¤ï¸â¤ï¸â¤ï¸â¤ï¸â¤ï¸â¤ï¸â¤ï¸â¤ï¸â¤ï¸â¤ï¸â¤ï¸â¤ï¸â¤ï¸â¤ï¸â¤ï¸â¤ï¸â¤ï¸â¤ï¸â¤ï¸â¤ï¸â¤ï¸â¤ï¸â¤ï¸â¤ï¸â¤ï¸â¤ï¸â¤ï¸â¤ï¸â¤ï¸â¤ï¸â¤ï¸â¤ï¸â¤ï¸â¤ï¸â¤ï¸â¤ï¸â¤ï¸â¤ï¸â¤ï¸â¤ï¸â¤ï¸â¤ï¸â¤ï¸â¤ï¸â¤ï¸â¤ï¸â¤ï¸â¤ï¸â¤ï¸â¤ï¸â¤ï¸â¤ï¸â¤ï¸â¤ï¸â¤ï¸â¤ï¸â¤ï¸â¤ï¸â¤ï¸â¤ï¸â¤ï¸â¤ï¸â¤ï¸â¤ï¸â¤ï¸â¤ï¸â¤ï¸â¤ï¸â¤ï¸â¤ï¸â¤ï¸â¤ï¸â¤ï¸â¤ï¸â¤ï¸â¤ï¸â¤ï¸â¤ï¸â¤ï¸â¤ï¸â¤ï¸â¤ï¸â¤ï¸â¤ï¸â¤ï¸â¤ï¸â¤ï¸â¤ï¸â¤ï¸â¤ï¸â¤ï¸â¤ï¸â¤ï¸â¤ï¸â¤ï¸â¤ï¸â¤ï¸â¤ï¸â¤ï¸â¤ï¸â¤ï¸â¤ï¸â¤ï¸â¤ï¸â¤ï¸â¤ï¸â¤ï¸â¤ï¸â¤ï¸â¤ï¸â¤ï¸â¤ï¸â¤ï¸â¤ï¸â¤ï¸â¤ï¸â¤ï¸â¤ï¸â¤ï¸â¤ï¸â¤ï¸â¤ï¸â¤ï¸â¤ï¸â¤ï¸â¤ï¸â¤ï¸â¤ï¸â¤ï¸â¤ï¸â¤ï¸â¤ï¸â¤ï¸â¤ï¸â¤ï¸â¤ï¸â¤ï¸â¤ï¸â¤ï¸â¤ï¸â¤ï¸â¤ï¸â¤ï¸â¤ï¸â¤ï¸â¤ï¸â¤ï¸â¤ï¸â¤ï¸â¤ï¸â¤ï¸â¤ï¸â¤ï¸â¤ï¸â¤ï¸â¤ï¸â¤ï¸â¤ï¸â¤ï¸â¤ï¸â¤ï¸â¤ï¸â¤ï¸â¤ï¸â¤ï¸â¤ï¸â¤ï¸â¤ï¸â¤ï¸â¤ï¸â¤ï¸â¤ï¸â¤ï¸â¤ï¸â¤ï¸â¤ï¸â¤ï¸â¤ï¸â¤ï¸â¤ï¸â¤ï¸â¤ï¸â¤ï¸â¤ï¸â¤ï¸â¤ï¸â¤ï¸â¤ï¸â¤ï¸â¤ï¸â¤ï¸â¤ï¸â¤ï¸â¤ï¸â¤ï¸â¤ï¸â¤ï¸â¤ï¸â¤ï¸â¤ï¸â¤ï¸â¤ï¸â¤ï¸â¤ï¸â¤ï¸â¤ï¸â¤ï¸â¤ï¸â¤ï¸â¤ï¸â¤ï¸â¤ï¸â¤ï¸â¤ï¸â¤ï¸â¤ï¸â¤ï¸â¤ï¸â¤ï¸â¤ï¸â¤ï¸â¤ï¸â¤ï¸â¤ï¸â¤ï¸â¤ï¸â¤ï¸â¤ï¸â¤ï¸â¤ï¸â¤ï¸â¤ï¸â¤ï¸â¤ï¸â¤ï¸â¤ï¸â¤ï¸â¤ï¸â¤ï¸â¤ï¸â¤ï¸â¤ï¸â¤ï¸â¤ï¸â¤ï¸â¤ï¸â¤ï¸â¤ï¸â¤ï¸â¤ï¸â¤ï¸â¤ï¸â¤ï¸â¤ï¸â¤ï¸â¤ï¸â¤ï¸â¤ï¸â¤ï¸â¤ï¸â¤ï¸â¤ï¸â¤ï¸â¤ï¸â¤ï¸â¤ï¸â¤ï¸â¤ï¸â¤ï¸â¤ï¸â¤ï¸â¤ï¸â¤ï¸â¤ï¸â¤ï¸â¤ï¸â¤ï¸â¤ï¸â¤ï¸â¤ï¸â¤ï¸â¤ï¸â¤ï¸â¤ï¸â¤ï¸â¤ï¸â¤ï¸â¤ï¸â¤ï¸â¤ï¸â¤ï¸â¤ï¸â¤ï¸â¤ï¸â¤ï¸â¤ï¸â¤ï¸â¤ï¸â¤ï¸â¤ï¸â¤ï¸â¤ï¸â¤ï¸â¤ï¸â¤ï¸â¤ï¸â¤ï¸â¤ï¸â¤ï¸â¤ï¸â¤ï¸â¤ï¸â¤ï¸â¤ï¸â¤ï¸â¤ï¸â¤ï¸â¤ï¸â¤ï¸â¤ï¸â¤ï¸â¤ï¸â¤ï¸â¤ï¸â¤ï¸â¤ï¸â¤ï¸â¤ï¸â¤ï¸â¤ï¸â¤ï¸â¤ï¸â¤ï¸â¤ï¸â¤ï¸â¤ï¸â¤ï¸â¤ï¸â¤ï¸â¤ï¸â¤ï¸â¤ï¸â¤ï¸â¤ï¸â¤ï¸â¤ï¸â¤ï¸â¤ï¸â¤ï¸â¤ï¸â¤ï¸â¤ï¸â¤ï¸â¤ï¸â¤ï¸â¤ï¸â¤ï¸â¤ï¸â¤ï¸â¤ï¸â¤ï¸â¤ï¸â¤ï¸â¤ï¸â¤ï¸â¤ï¸â¤ï¸â¤ï¸â¤ï¸â¤ï¸â¤ï¸â¤ï¸â¤ï¸â¤ï¸â¤ï¸â¤ï¸â¤ï¸â¤ï¸â¤ï¸â¤ï¸â¤ï¸â¤ï¸â¤ï¸â¤ï¸â¤ï¸â¤ï¸â¤ï¸â¤ï¸â¤ï¸â¤ï¸â¤ï¸â¤ï¸â¤ï¸â¤ï¸â¤ï¸â¤ï¸â¤ï¸â¤ï¸â¤ï¸â¤ï¸â¤ï¸â¤ï¸â¤ï¸â¤ï¸â¤ï¸â¤ï¸â¤ï¸â¤ï¸â¤ï¸â¤ï¸â¤ï¸â¤ï¸â¤ï¸â¤ï¸â¤ï¸â¤ï¸â¤ï¸â¤ï¸â¤ï¸â¤ï¸â¤ï¸â¤ï¸â¤ï¸â¤ï¸â¤ï¸â¤ï¸â¤ï¸â¤ï¸â¤ï¸,2021-08-11T05:33:56Z,1,0,salman khan
660,Toufik Alam,MY FAVERATE HERO IS KING KHAN THIS IS BOLLYWOOD BADSHA,2021-08-10T11:43:49Z,1,0,shahrukh khan
661,ViPeR,Srk World Biggest superstar in the world..lOve u srk..ğŸ’–ğŸ’–ğŸ’–,2021-08-09T09:18:01Z,6,0,shahrukh khan
662,The Filmy Insaan,Salman khan is only famous in india but shahrukh khan is an international king/actor he is the best.And shahrukh khan is has struggled in life to be the best and salman khan is just a nepotism product,2021-08-08T09:12:54Z,1,0,shahrukh khan
663,The Filmy Insaan,Shahrukh khan is the most powerful actor in bollywood and Shahrukh khan can easily destroy salman khan.And shahrukh khan is so much better than salman khan.,2021-08-08T09:09:57Z,1,0,shahrukh khan
664,Akram Kana,SRKâœ¨ All time favorite... famous locally as. Well as worldwide....ğŸ‘â¤ï¸ğŸ‘,2021-08-07T10:09:54Z,132,2,shahrukh khan
665,Rothi fitness vlogs,BHAI,2021-08-06T21:42:00Z,0,0,salman khan
668,Rumel_Ahmed_Vlogs ,Srk Bigghest Superstar,2021-08-05T08:56:03Z,1,0,shahrukh khan
669,Shabaj Ahmad,Salmans sir bollywood ke baap hai,2021-08-05T08:40:56Z,0,0,salman khan
670,Hassan Nawaz Khan Mahar,Salman is the best,2021-08-04T17:02:36Z,0,0,salman khan
671,Md Riyaz,King khan hai king khan rahega,2021-08-04T14:22:17Z,1,0,shahrukh khan
673,Kamla Devi,Salman Khan is legend,2021-08-01T10:22:04Z,2,0,salman khan
674,Happy D,No one can beat Salman Khan in India â¤ï¸â¤ï¸â¤ï¸,2021-07-31T19:51:53Z,13,1,salman khan
675,Tohibbul Hussain,Salman Khan,2021-07-31T10:52:32Z,0,0,salman khan
676,Sakir Hossain,Always Salman khan,2021-07-28T17:50:22Z,0,0,salman khan
677,LAVLESH KUMAR,International most stardom actor only srk,2021-07-28T11:07:13Z,0,0,shahrukh khan
678,Viddesh Patil,SRK,2021-07-28T10:42:39Z,0,0,shahrukh khan
679,hemant chauhan,dear zindagi faltu movie hmste yhaa to dear zindagi lgi or first day m hut gyi .. salman bhai my jaan,2021-07-27T18:53:39Z,0,0,shahrukh khan
680,Nova king,srkâ¤ï¸,2021-07-25T23:36:44Z,0,0,shahrukh khan
682,"ê§à¼’â˜¬DĞĞDÄ¶ÃÅÅÄšÅ”â˜¬à¼’ê§‚,",Salman Khan .,2021-07-25T06:14:20Z,1,0,salman khan
683,AJAY,Salman Bhaiâ™¥ï¸,2021-07-24T15:54:40Z,0,0,salman khan
684,Hamza Fayyaz,SRK Sab Ka Baap,2021-07-24T12:25:14Z,0,0,shahrukh khan
685,Apna Channel,Salman Khan,2021-07-24T11:41:08Z,1,0,salman khan
687,great funny  video,SRK King Khan â¤ï¸â¤ï¸â¤ï¸â¤ï¸â¤ï¸,2021-07-24T09:26:46Z,0,0,shahrukh khan
688,jagat Raj pegu,Salmankhna,2021-07-24T04:07:42Z,0,0,salman khan
689,NEWTRON MAN,Srk,2021-07-22T14:50:39Z,0,0,shahrukh khan
690,Kaif Sayyed,Salmaan bhaijaan ka,2021-07-22T07:04:50Z,0,0,salman khan
692,SYED HUSSAIN PASHA,Ham aapke h kon,2021-07-16T18:19:05Z,0,0,salman khan
693,raafay khan,Sabse bada fan me salman khan,2021-07-16T11:04:53Z,0,0,salman khan
694,abdullah qureshi,Salman is the boss,2021-07-15T20:47:50Z,0,0,salman khan
695,Md Rahul,My favourite Bollywood actress Salman khan Bahi super star,2021-07-15T04:34:57Z,0,0,salman khan
696,AA iS LOVE (ALLU ARJUN),Sharukh khan ka bahut  bada hai ~Best line ğŸ¤£ğŸ¤£,2021-07-13T10:57:58Z,2,0,shahrukh khan
697,Ahsan Srk,Srk has biggest stardom,2021-07-13T08:04:42Z,1,0,shahrukh khan
698,Juned Patel,SRK,2021-07-13T02:20:43Z,0,0,shahrukh khan
699,Goja Parida,Only Shahrukh Khan,2021-07-12T10:37:09Z,0,0,shahrukh khan
700,Yusuf Raza 0786,Srk,2021-07-12T10:03:58Z,0,0,shahrukh khan
701,Amaan Khan,Salman Khan one and only,2021-07-12T08:06:17Z,0,0,salman khan
702,Mking Rathi,SrkğŸ¤©ğŸ˜ğŸ¥°,2021-07-11T19:45:31Z,0,0,shahrukh khan
703,WM Vines,Always srk,2021-07-11T14:14:14Z,0,0,shahrukh khan
704,Salman Khan,Salman bhai ka,2021-07-09T06:58:30Z,0,0,salman khan
705,SK_ Tech,Obviously Salman Khan,2021-07-04T16:28:42Z,1,0,salman khan
706,MISTER BOY,Bollywood star is srk is big star  not sk,2021-07-03T08:46:06Z,0,0,shahrukh khan
707,Wajed Beg,Srk,2021-07-02T18:11:35Z,0,0,shahrukh khan
709,Islamic Entity,Shah Rukh Khan Is The Best Actor,2021-07-01T09:00:35Z,1,0,shahrukh khan
711,Obaid Ur rehman,Love you shahrukh,2021-06-29T06:38:53Z,0,0,shahrukh khan
712,Obaid Ur rehman,Srk is bigger,2021-06-29T06:38:38Z,0,0,shahrukh khan
713,Obaid Ur rehman,Love you srk,2021-06-29T06:34:30Z,0,0,shahrukh khan
714,Obaid Ur rehman,Srk,2021-06-29T06:34:20Z,0,0,shahrukh khan
715,Obaid Ur rehman,Srk is the best,2021-06-29T06:34:12Z,0,0,shahrukh khan
716,Syed Riyaz,Salman. Salman boss,2021-06-29T04:54:42Z,0,0,salman khan
718,Being Vajid,Salman Khanâ¤â¤â¤ ke pass dil h. Osm. Both are bestğŸ‘,2021-06-29T03:45:25Z,2,3,salman khan
720,Md Aamir,Salman Khan â¤ï¸â¤ï¸,2021-06-28T11:12:53Z,1,0,salman khan
721,Bisal Das,Obviously salman khan bhai duniya ke kisi v kone mei jao aur bass nam pucho sab pehechate hai usse,2021-06-27T15:13:23Z,1,0,salman khan
722,Joseph Eappen Shibu,All South indians love SRK. Because we know Sushant Singh Rajput issues.<br>And SRK know his value of fans and hes fav,2021-06-27T10:35:13Z,32,0,shahrukh khan
723,Champavat kushraj Sinh,Salman khan,2021-06-27T07:15:53Z,1,0,salman khan
725,Mohammed Suhel,Srk is king of bollywood biggest stardom in world â¤ï¸ğŸ’•,2021-06-25T16:33:47Z,8,0,salman khan
726,DD M,86% Salman khan<br>14%srk,2021-06-25T14:53:18Z,1,1,shahrukh khan
727,Ansari Yaseer,OnlyğŸ˜SRKğŸ¤—,2021-06-25T05:30:20Z,0,0,shahrukh khan
728,Sourav Dhara,Srk,2021-06-24T09:28:01Z,1,0,shahrukh khan
729,Sourav Dhara,Srk,2021-06-24T09:27:51Z,0,0,shahrukh khan
730,Swagat Ray,Srk ğŸ”¥ğŸ–¤,2021-06-23T18:32:57Z,0,0,shahrukh khan
732,Ajay Kapse,Salman.khan. ğŸ‘ŒğŸ‘Œ,2021-06-22T03:39:15Z,3,0,salman khan
733,Elyaz Hussain,Yes only bhaijan,2021-06-21T19:47:47Z,8,0,salman khan
734,Elyaz Hussain,Salman Khan ka stardom bohot bara h I love sallu khan,2021-06-21T19:44:01Z,3,0,salman khan
735,Bittu Biswas,Srk,2021-06-21T12:22:31Z,0,0,shahrukh khan
736,RAJU Lá´‡É¢á´‡É´á´…,Srk is best,2021-06-21T06:51:45Z,0,0,shahrukh khan
737,Sardar Ujjwal Singh,Salman Bhai is the best â¤ï¸,2021-06-21T05:57:59Z,2,0,salman khan
738,walker alan,Sab log salman khan bolte hai yar â¤ï¸â¤ï¸â¤ï¸â¤ï¸,2021-06-21T05:20:15Z,2,0,salman khan
739,Rehan Khan,Only Salman Khan He is real Hero,2021-06-20T18:35:31Z,2,0,salman khan
740,Kiran Rathod,Srkâ¤ï¸,2021-06-20T00:33:10Z,0,0,shahrukh khan
741,Baldev singh,Salman Khan,2021-06-19T09:37:41Z,3,0,salman khan
742,subin srijal,Salman khan,2021-06-19T08:45:45Z,2,0,salman khan
743,zahid khan,Srk richest actor not from his film from his side business,2021-06-18T06:29:26Z,0,0,shahrukh khan
745,zahid khan,Salman is more bigger thn srk all over the world love u alwz salman,2021-06-18T06:26:09Z,1,0,salman khan
746,Amar Singh,Srk is most popular actor â¤ï¸,2021-06-17T12:29:49Z,94,0,shahrukh khan
747,Md Omer,Bollywood ka baap hai salman Khan one man army,2021-06-17T07:09:04Z,4,0,salman khan
748,pratham Maan,World Biggest Super Star Shah Rukh Khan,2021-06-16T15:16:58Z,0,0,shahrukh khan
749,Sahil Khan,Chutiya log he srk world famous â¤ï¸â¤ï¸â¤ï¸,2021-06-16T04:39:48Z,0,0,shahrukh khan
750,Arvind arora fan,King khan,2021-06-15T14:29:46Z,2,0,shahrukh khan
751,YourBoy Mj,Everyone litterally said The real King of bollywood------&gt; SALMAN KHANNNNğŸ’¯ğŸ”¥ğŸ˜,2021-06-14T15:58:31Z,6,0,shahrukh khan
752,IMTIAZ HUSSAIN RAJPER,Mega Star Salman Khan â¤ï¸â¤ï¸ğŸ’™,2021-06-14T12:54:29Z,16,0,salman khan
753,cinematic vlogs,Global   srk,2021-06-13T04:46:40Z,0,0,shahrukh khan
754,cinematic vlogs,Srk only,2021-06-13T04:46:06Z,0,0,shahrukh khan
755,cinematic vlogs,Srk only,2021-06-13T04:45:21Z,0,0,shahrukh khan
757,Ranjit Meitei Meitankeisangbam,Srk,2021-06-10T19:40:26Z,0,0,shahrukh khan
758,nitinkumar____,International actor srk,2021-06-10T06:24:55Z,0,0,shahrukh khan
759,sakshi Ray,Only SRK â¤ï¸,2021-06-09T22:51:03Z,2,0,shahrukh khan
760,Nizam Syed,Salmon KHAN FROM PAKISTAN,2021-06-09T19:59:44Z,0,0,salman khan
761,"Cristiano Ronaldo cr7,",Salman khan ke supportar ziyda he one man armyâ¤ï¸ğŸ’ª,2021-06-08T04:06:11Z,23,0,salman khan
762,Ritiknoa Tilhari,"Srk stands above everyone, see of which name the comment section is flooded with.",2021-06-07T19:07:55Z,0,0,shahrukh khan
763,ğ˜…_ğ˜‚ ğ—¯ğ—²ğ—®ğ˜ğ˜€,We love only salman khan,2021-06-07T04:56:28Z,2,0,salman khan
764,ğ˜…_ğ˜‚ ğ—¯ğ—²ğ—®ğ˜ğ˜€,We love only salman khan ğŸ’«ğŸ–¤,2021-06-07T04:56:13Z,10,0,salman khan
765,ğ˜…_ğ˜‚ ğ—¯ğ—²ğ—®ğ˜ğ˜€,Salman khan internaational hero ğŸ–¤ğŸ’«,2021-06-07T04:56:02Z,4,0,salman khan
766,ğ˜…_ğ˜‚ ğ—¯ğ—²ğ—®ğ˜ğ˜€,We love salman khan ğŸ–¤ğŸ’«ğŸ’«,2021-06-07T04:55:44Z,3,0,salman khan
767,ğ˜…_ğ˜‚ ğ—¯ğ—²ğ—®ğ˜ğ˜€,We only love salman khanğŸ’«ğŸ–¤,2021-06-07T04:55:25Z,7,0,salman khan
768,ğ˜…_ğ˜‚ ğ—¯ğ—²ğ—®ğ˜ğ˜€,We only love salman khan,2021-06-07T04:54:53Z,2,0,salman khan
769,ğ˜…_ğ˜‚ ğ—¯ğ—²ğ—®ğ˜ğ˜€,Salman khan ko local bola salli taxi ma KO bachi,2021-06-07T04:54:39Z,2,0,salman khan
770,ğ˜…_ğ˜‚ ğ—¯ğ—²ğ—®ğ˜ğ˜€,We love only salman khan ğŸ–¤ğŸ’«ğŸ’«ğŸ’«,2021-06-07T04:54:15Z,2,0,salman khan
771,ğ˜…_ğ˜‚ ğ—¯ğ—²ğ—®ğ˜ğ˜€,We only love salman khanğŸ’«ğŸ–¤ğŸ–¤,2021-06-07T04:54:02Z,3,0,salman khan
772,ğ˜…_ğ˜‚ ğ—¯ğ—²ğ—®ğ˜ğ˜€,We love salman khanğŸ–¤ğŸ’«,2021-06-07T04:53:52Z,2,0,salman khan
773,ğ˜…_ğ˜‚ ğ—¯ğ—²ğ—®ğ˜ğ˜€,Only salman khan ğŸ–¤ğŸ’«ğŸ–¤,2021-06-07T04:53:43Z,2,0,salman khan
774,ğ˜…_ğ˜‚ ğ—¯ğ—²ğ—®ğ˜ğ˜€,Only salman khanğŸ–¤ğŸ’«,2021-06-07T04:53:21Z,2,0,salman khan
775,ğ˜…_ğ˜‚ ğ—¯ğ—²ğ—®ğ˜ğ˜€,Only salman khanğŸ–¤ğŸ’«ğŸ’«ğŸ’«ğŸ–¤ğŸ–¤,2021-06-07T04:53:13Z,2,0,salman khan
776,ğ˜…_ğ˜‚ ğ—¯ğ—²ğ—®ğ˜ğ˜€,Only salman khanğŸ’«ğŸ–¤,2021-06-07T04:52:53Z,2,0,salman khan
777,Imran Khan,Only Salman Khan..... number 1,2021-06-06T21:07:44Z,2,0,salman khan
778,Pardeshi Pardeshi,I liked  srk  very good hiro,2021-06-06T16:27:52Z,1,0,shahrukh khan
779,Shami,Srk.king...salman..bor,2021-06-06T12:48:57Z,1,0,shahrukh khan
780,Ravindra Meena ji,Salman khan,2021-06-06T06:02:06Z,2,0,salman khan
781,Rishabh Shrivastav,Mega ster salman khan Bollywood ka baap hai srk ka baap hai sallu,2021-06-04T16:58:25Z,1,0,salman khan
782,Narendra Borana,Salman khan ğŸ’•,2021-06-04T12:39:17Z,2,0,salman khan
783,Raju Singh,Salman khan ka stardom toh sirf india me haii but srk ka toh pure world me haii so usse hi pata chalta haii kiska stardom kitna haiiğŸ”¥ğŸ”¥â¤â¤â¤,2021-06-04T06:33:37Z,1,1,shahrukh khan
784,Shaikh ghouse Pasha,World&#39;s biggest movie star<br>And. Megastar bollywood<br>Sharukh khan,2021-06-04T04:42:16Z,1,0,shahrukh khan
785,Rhythm Koirala,Srk is famous globally.,2021-06-04T02:59:58Z,0,0,shahrukh khan
786,Amit Ganvit,salman Khan stardom unmatched,2021-06-03T19:31:15Z,2,0,salman khan
787,Shifa Khan,Srk,2021-06-03T08:35:57Z,0,0,shahrukh khan
788,Raj Singh,Salman Khan sa bhut ayga hai srk ku ki uska film bhut acha rah ta hai my choice srk is best,2021-06-02T10:41:56Z,0,0,salman khan
789,Indo Aussie,Always SRKâ™¥ï¸â™¥ï¸â™¥ï¸,2021-06-02T10:21:20Z,1,0,shahrukh khan
790,Rahul Yadav,Always Salman Khan sir Best actor,2021-06-02T06:31:10Z,2,0,salman khan
791,arohi aslam,Salman sir â£ï¸,2021-06-02T03:53:07Z,17,0,salman khan
792,DW,Salman ğŸ”¥,2021-05-31T22:07:47Z,3,0,salman khan
794,Akash Mahato,Srk best actor in the world,2021-05-30T15:51:21Z,0,0,shahrukh khan
795,Shani Khan,only on sultan,2021-05-30T09:09:04Z,1,0,salman khan
796,Ruthless king,Bollywood means shah Rukh KhanğŸ‘‘,2021-05-29T19:48:00Z,1,0,shahrukh khan
797,Rohit adhikari,SRK is better ğŸ˜<br>Love from NepalğŸ‡³ğŸ‡µ,2021-05-29T15:24:16Z,0,0,shahrukh khan
798,Hwjsn Hshshsb,SRK,2021-05-29T04:31:03Z,0,0,shahrukh khan
799,GyaNi AA Tech,Salman khan,2021-05-28T15:49:55Z,1,0,salman khan
800,Tallah Saira,Ye baat poochne ki he Kia my world biggest move star king Khan king of Bollywood king of romance,2021-05-28T13:06:25Z,1,0,shahrukh khan
801,Tapan Roy,Salman is hero.but srk is acting institution<br>And India ka nahi hi is global startğŸ˜,2021-05-28T12:31:37Z,0,0,salman khan
803,Akshat Mahto,SRK world ğŸŒğŸŒ biggest superstar,2021-05-26T07:38:42Z,0,0,shahrukh khan
804,Iam khazi,Srk is a international actor,2021-05-26T03:49:17Z,0,0,shahrukh khan
805,Iam khazi,Srk is a king,2021-05-26T03:48:57Z,0,0,shahrukh khan
806,~ ÊŸá´œá´„Éªêœ°á´‡Ê€ á´¢á´€Ê€Éªêœ° á´á´Ê€É´ÉªÉ´É¢êœ±á´›á´€Ê€,SHARUK KHAN IS BOLLYWOOD KINGâ¤ğŸ‘‘ğŸ‘‘,2021-05-25T13:03:34Z,61,2,shahrukh khan
807,KAMING FITNESS,Sallu,2021-05-24T10:11:47Z,1,0,salman khan
808,Ajrudeen Khan,Srk best,2021-05-24T07:58:52Z,0,0,shahrukh khan
809,Akmaam Hamid,Salman Khan â¤ï¸ always,2021-05-23T08:15:25Z,0,0,salman khan
810,pankaj chandravanshi,Srk,2021-05-22T11:44:25Z,0,0,shahrukh khan
811,Arman Khan,agar izzat dakhna hai burj khalifa par dakh lo kiska birthday hota hai humlog ka srk ka,2021-05-21T22:55:52Z,0,0,shahrukh khan
812,Arman Khan,srk my fvt,2021-05-21T22:54:52Z,0,0,shahrukh khan
813,Arman Khan,srk fans in the world 3.5 billion,2021-05-21T22:54:24Z,0,0,shahrukh khan
814,Arman Khan,world biggest movie supar star srk,2021-05-21T22:53:37Z,0,0,shahrukh khan
815,FARHAT NAAZ 440,I love you salman khan ğŸ˜˜ğŸ˜˜ğŸ˜˜ real hero nd golden heart â¤ï¸.......,2021-05-21T05:09:14Z,20,0,salman khan
816,143/2 Sondhiya,srk Biggest movie star on earth ğŸ’Ÿ,2021-05-20T17:51:35Z,5,0,shahrukh khan
817,Mrinal kanti Deka,I love salman Khan Nobody can take his position in Bollywood Bollywood ka Sultan hain Boss ğŸ‘Œ,2021-05-20T14:22:20Z,27,3,salman khan
819,Rishi shorts,Srk,2021-05-20T06:36:54Z,0,0,shahrukh khan
820,SKYRA TECH SOLUTION,Stardom ka 2nd name salman khan,2021-05-20T02:07:04Z,0,0,salman khan
821,Arsh Sharma,Salu bhai,2021-05-19T18:07:53Z,0,0,salman khan
822,Atif Hussain,SRK is King of World,2021-05-19T16:45:31Z,1,0,shahrukh khan
823,Tasif sheikh,Salman khan,2021-05-19T08:31:32Z,0,0,salman khan
824,Pyscho_gamer,Srk ğŸ˜˜ğŸ˜˜ğŸ˜˜ğŸ˜˜â¤ï¸ğŸ˜˜â¤ï¸â¤ï¸,2021-05-19T07:43:57Z,0,0,shahrukh khan
825,omi yadav,Srk,2021-05-19T06:05:34Z,0,0,shahrukh khan
826,Prakash Shrestha,srkkk,2021-05-19T03:33:59Z,0,0,shahrukh khan
827,s. khan,World biggest megha superstar srk,2021-05-19T00:11:21Z,0,0,salman khan
828,Suleman Raza,Salman khan sabse bara hai,2021-05-18T17:20:21Z,0,0,shahrukh khan
829,BR GAMING,<b>srk</b>,2021-05-18T07:48:17Z,0,0,salman khan
830,Pakistan zindabad,Salman Bhai â¤ï¸â¤ï¸ğŸ‡µğŸ‡°,2021-05-17T13:29:49Z,1,0,salman khan
831,Mohd Umar,Bollywood ka sher Salman khan,2021-05-16T19:43:32Z,0,0,salman khan
832,Mohd Umar,Salman Khan ki bat alag hai yrrr,2021-05-16T19:41:54Z,0,0,salman khan
833,Asgar Ali,Salman hai megastar...srk to fail hai...aus ke aga...srk ke movie bilkul blockbuster hai hota hai...ğŸ˜¥ğŸ˜¥..luv u salman sir,2021-05-16T17:39:28Z,0,0,salman khan
834,Md Shihab,Salma khan,2021-05-16T09:54:25Z,0,0,salman khan
835,Md Nadim,Skr my favoriteğŸ˜,2021-05-15T09:49:27Z,0,0,shahrukh khan
836,Rakesh rajğŸ’•,SrkğŸ˜˜,2021-05-14T17:35:50Z,0,0,shahrukh khan
837,subin srijal,Salman khan is biggest superstar in the world,2021-05-14T14:02:49Z,0,0,salman khan
838,Ali Rezwani,Only srk,2021-05-13T21:06:37Z,0,0,shahrukh khan
839,Ngamjon Pansa,I have salman,2021-05-13T18:21:25Z,0,0,salman khan
840,Vikas Vk,"No doubt , obviously salman sir.itihaas gawah h. Stardom to salman khan ka hi bada h",2021-05-13T15:02:48Z,0,0,salman khan
841,Bijoy Borman,Non other than one and only SALMAN KHAN SIR...And its reason is Jo pyar hum ne unko diya hai Unhone v hum sabko pyar diya hai...He is Perfectly Normal guy...,2021-05-13T09:22:29Z,3,0,salman khan
842,Radhika,Salman khan is the best,2021-05-13T03:58:45Z,0,0,salman khan
843,Aman Kumar,Srk,2021-05-13T02:42:08Z,0,0,shahrukh khan
844,Status_of_feelings,"<a href=""https://www.youtube.com/watch?v=EtuJyE7HauY&amp;t=4m50s"">4:50</a> fan chali thiğŸ˜‚ğŸ˜‚",2021-05-12T18:17:14Z,4,0,salman khan
845,Assistant commissioner,Only one Salman Khan,2021-05-12T17:39:06Z,0,0,salman khan
846,round to around,Salman khan big acter,2021-05-12T17:25:32Z,0,0,salman khan
847,Kiran Jatva,One nd only salman khanâ¤ï¸,2021-05-12T14:03:23Z,12,0,salman khan
849,CookedinIndia,SALMAN KHAN,2021-05-10T19:49:23Z,1,0,salman khan
850,Sana Sana,Shah rukh khan,2021-05-10T10:40:00Z,0,0,shahrukh khan
851,Saptarshi,Salman Khan â¤ï¸ The Name is Enough â¤ï¸âœŒï¸ 2021 âœŒï¸ Now,2021-05-09T13:40:33Z,93,2,salman khan
852,Prince Shil,"Salman Khan is not only a local hero, he is also an international superstar. Big fan from Bangladesh of Salman.",2021-05-09T12:03:48Z,7,0,salman khan
854,Samar Khan,"Only khan ,, miya bhai ğŸ‘ğŸ‘ğŸ‘",2021-05-07T08:32:10Z,0,0,salman khan
855,Avinash Dhiman,Salman khan,2021-05-07T00:34:12Z,0,0,shahrukh khan
856,gamer,Srk â™¥ï¸â™¥ï¸â™¥ï¸,2021-05-06T19:29:55Z,0,0,shahrukh khan
857,Abhishek Shetty,SRK is Bollywood and Bollywood is SRK! It&#39;s as simple as that,2021-05-06T14:54:24Z,6,0,shahrukh khan
858,ØªÙˆØªÙˆÙ…ÙˆØªÙˆ Ù…Ù‡Ø§ÙˆØ´,srk always,2021-05-06T12:20:38Z,0,0,shahrukh khan
859,Salman's,obviously Salman bhai,2021-05-06T08:31:03Z,0,0,salman khan
860,SMARTY ARBAZ,My feveret hero bahi salman sir he my jaan he,2021-05-06T03:18:18Z,0,0,salman khan
861,Dhiraj Kumar,One and only SRK,2021-05-04T06:54:34Z,0,0,shahrukh khan
862,Raman Kawla,Salman Khan,2021-05-03T03:21:37Z,0,0,salman khan
863,Mudassir Hussain,Srk is only srk international celebrity yarr,2021-05-02T18:44:49Z,1,0,shahrukh khan
864,Gurupada Jana,Only Salman,2021-05-02T05:16:30Z,0,0,salman khan
865,Meenakshi singh,SRK is the reason why everyone started watching bollywood... Also Boys copying SRK&#39;s style in front of their gfs... â¤ğŸ˜Š<br><br>Not only love... The overall performance n his sense of humourğŸ™âœŒâœŒâœŒğŸ‘ğŸ‘ğŸ‘ğŸ‘ğŸ˜ŠğŸ˜ŠğŸ˜ŠğŸ˜Š,2021-05-01T19:36:10Z,41,3,shahrukh khan
866,Md Sameer,I love bhaijaan,2021-05-01T10:21:59Z,0,0,salman khan
867,CRICKET ONLY,Salman bhai ğŸ˜ğŸ˜,2021-05-01T07:06:47Z,2,0,salman khan
868,Raj Thiyagu S,I&#39;m a Biggest Fan Salman Khan From Chennai Tamilnadu,2021-04-29T09:18:11Z,0,0,salman khan
869,Nirav Rajput,Salman Khan is God of bollywood. Salman Khan ke jaisa koi nahi.,2021-04-29T07:48:30Z,1,0,salman khan
870,Rahul Basfor,SRKâ¤ï¸,2021-04-28T16:01:50Z,1,0,shahrukh khan
871,Srk ka Fen,Sharukh is best aunty,2021-04-28T13:41:47Z,0,0,shahrukh khan
872,Sajan Sajan,Sharukahan is mass from tamilnadu â¤ï¸,2021-04-28T06:49:47Z,19,0,shahrukh khan
873,Shopno,Srk &gt; Bollywood,2021-04-27T04:55:07Z,0,0,shahrukh khan
874,Sudesh Shukla,SRK,2021-04-26T02:30:23Z,0,0,shahrukh khan
875,yasir samad,Both are legendry Superstars<br>Love from Pakistan....,2021-04-24T21:19:39Z,26,0,shahrukh khan
876,Hemanta Biswal,Not salman only sharukh,2021-04-24T01:33:01Z,0,0,shahrukh khan
877,061_MD Farhaan,Salman wale bache hai abhi pata ni srk kiya hai,2021-04-23T23:21:09Z,0,0,shahrukh khan
878,Aditya Mishra,Salman Khan,2021-04-23T10:13:16Z,0,0,salman khan
879,Hasan RaTul Bains,Only Salman Bhaijan or kuch nahi.<br>And I am From Bangladesh â¤ï¸ğŸ¥€,2021-04-22T17:23:26Z,18,0,salman khan
880,Ali Sultan,King of Bollywood srk,2021-04-21T11:10:01Z,0,0,shahrukh khan
881,Kailas Bhoir,Srk king of bollywood,2021-04-21T07:32:57Z,1,0,shahrukh khan
882,Sayeed dexigner,Salman khanâ¤ï¸â¤ï¸â¤ï¸â¤ï¸,2021-04-20T18:17:29Z,0,0,salman khan
883,Hirshad Ahamed,Salman Khan stardam,2021-04-20T13:19:44Z,1,0,salman khan
884,mustafa osman,SRKğŸ¤—,2021-04-20T04:25:03Z,0,0,shahrukh khan
885,SI RUBEL,See everyone like Salman khan only. I don&#39;t like srk,2021-04-19T13:16:21Z,0,0,salman khan
886,Mohammed Awez,Srk,2021-04-18T23:22:05Z,0,0,shahrukh khan
887,anmol raina,Salman khan is bloody he killed sushant  at carrer of vivek oberai <br> Aishwariya rai and many more <br>And srk is beautiful and has best acting salman movies are copies of  south only worst action srk has all expressions on face,2021-04-18T21:27:01Z,1,0,shahrukh khan
888,Sk Amin,Srk stardum biggest fan,2021-04-18T20:57:03Z,0,0,shahrukh khan
889,Battel Game,Salman khan,2021-04-18T08:25:24Z,0,0,salman khan
890,Wewilldo Download,Salman Khan Nahin Shahrukh Khan world richest and biggest actor,2021-04-18T07:00:42Z,1,0,shahrukh khan
891,Dato Jamal,SRK SRK SRK SRK SRK SRK,2021-04-17T15:33:06Z,3,0,shahrukh khan
892,Aaryan Khan,Srk,2021-04-16T16:41:49Z,0,0,shahrukh khan
893,Yash Arya,BIGGEST FAN OF SRK,2021-04-15T12:29:28Z,0,0,shahrukh khan
894,Yash Arya,BESTEST ACTOR IN THE WORLD IS SHAH RUKH KHAN,2021-04-15T12:29:15Z,1,0,shahrukh khan
895,Yash Arya,"THE ONE AND ONLY KING/ BADSHAH OF BOLLYWOOD ,TOLLYWOOD , HOLLYWOOD IS ONLY MY ALL TIME FAVOURITE SHAH RUKH KHAN",2021-04-15T12:28:30Z,7,0,shahrukh khan
896,Adeelsatti Satti,King of Bollywood,2021-04-14T08:40:04Z,0,0,shahrukh khan
897,Adeelsatti Satti,Srk,2021-04-14T08:39:54Z,0,0,shahrukh khan
898,Prasath Sankar,Salmankhan â¤ï¸ â¤ï¸â¤ï¸,2021-04-13T12:03:13Z,2,0,salman khan
899,Comic Items,Worlds most famous actor Salman Khan,2021-04-12T03:03:15Z,0,1,salman khan
900,shoaib Khan,salman khan,2021-04-11T18:57:29Z,0,0,salman khan
901,Nobody Love me,Salman khan is best in the world,2021-04-11T04:44:47Z,0,4,salman khan
902,Salman Faisal,Love u salman Bhai â¤ï¸ğŸ˜˜ğŸ˜,2021-04-10T20:37:44Z,0,0,salman khan
903,Rifat Hasan,Srk the world biggest movie star,2021-04-10T19:16:45Z,0,0,shahrukh khan
905,Raja Tandi,Bollywood ka badsha king Khan srk ğŸŒ biggest â­ ğŸ’œâ¤ï¸,2021-04-10T03:37:08Z,1,0,shahrukh khan
906,Cute zikra,Srk,2021-04-09T17:14:22Z,0,0,shahrukh khan
907,Tushar Adhikari,Only Salman Khan,2021-04-09T08:56:24Z,0,0,salman khan
908,Chetan Fitness,Salman â¤ï¸â¤ï¸â¤ï¸,2021-04-09T08:33:38Z,0,0,salman khan
909,Abhishek Raj,Only salman khan,2021-04-09T07:38:35Z,0,0,salman khan
912,Subham Sh,Itni negativity leke jo hit film de or jo so called king hokye bhi hit na de saake....ğŸ˜‚,2021-04-08T17:47:52Z,0,0,salman khan
913,Kishor K,King Khan Best,2021-04-08T17:47:29Z,1,0,shahrukh khan
914,Subham Sh,Salman is real boss.....back to back 100cr,2021-04-08T17:42:23Z,0,0,salman khan
915,SKB EDITZ,SRK best he ğŸ’œ,2021-04-08T15:15:37Z,3,0,shahrukh khan
916,Garv Varshney,King of bollywood.....SRK,2021-04-07T16:28:48Z,1,0,shahrukh khan
917,RADHE  VERMA ENTERTAINMENT,Salman Khan international megastarğŸ˜ğŸ˜ğŸ˜ğŸ’ªğŸ’ªğŸ‘ŠğŸ‘ŠğŸ’–ğŸ’–,2021-04-07T13:12:50Z,9,0,salman khan
918,Najim Sheikh,Srkâ£ï¸,2021-04-07T09:51:24Z,2,0,shahrukh khan
919,Danish Zehen,Srk,2021-04-06T20:26:10Z,1,0,shahrukh khan
920,SHYAM .18,Srk global star,2021-04-06T19:18:01Z,1,0,shahrukh khan
921,SHYAM .18,Srk,2021-04-06T19:17:28Z,1,0,shahrukh khan
922,Md Badshah,Salman khan,2021-04-06T10:37:39Z,0,0,salman khan
923,Venom,99% comments are for SRK â™¥ï¸,2021-04-06T05:13:32Z,5,1,shahrukh khan
924,SK Editors,SRK ka h bra,2021-04-05T04:21:44Z,1,0,shahrukh khan
925,Riya Chauhan,Srk ....naam hi kaafi h bhaiğŸ˜ğŸ˜ğŸ˜,2021-04-04T13:24:30Z,4,0,shahrukh khan
926,YRF SPY UNIVERSE,Bollywood Ka Baap Only Salman Khan SRK Is Flop Actor Ek Movie Nahi Chalti Uski Isliye Toh Pathan Me Salman Bhai Ko Saath Lekar Aa Raha Hai For Tiger Look Beta Abb Salman Khan Hai Pathan Me Toh Teri Movie Hit Hogi Warna Zero Jaisa Haal HotağŸ˜‚ğŸ˜‚ğŸ˜ğŸ˜,2021-04-04T06:41:43Z,0,0,shahrukh khan
927,Sameer Kapoor,Only Mr Salman khan is the biggest star,2021-04-03T08:59:38Z,0,0,salman khan
928,abdul khadeer,The worst actor in bollywood is salman khab,2021-04-03T03:07:48Z,0,0,salman khan
929,Time of Learn and fun,Srk is the best.,2021-04-02T18:56:58Z,2,0,shahrukh khan
930,CRISTY Geevar,EXPRESSIONLESS ACTOR SALMAN KHAN ğŸ˜ğŸ˜ğŸ˜,2021-04-01T10:37:40Z,1,0,salman khan
931,CRISTY Geevar,EXPRESSIONLESS ACTOR SALMAN KHAN ğŸ˜ğŸ˜ğŸ˜,2021-04-01T10:37:25Z,6,0,salman khan
932,lucky XT,King khan is best,2021-03-31T06:27:31Z,1,0,shahrukh khan
933,Md Saharul Islam Sardar,World biggest richest actor Srk sir ...,2021-03-30T17:43:51Z,1,0,shahrukh khan
934,Pranab Tripathy,So sophosticated crowd go for SRK and as usual single screen crowd go for Salman,2021-03-30T11:52:38Z,1,0,shahrukh khan
935,Shivani chauhan,Salman sirrr,2021-03-30T07:54:53Z,0,0,salman khan
936,Sabrina Yasmin Roshni,This man lost everything in young age family mom dad his sister got depression then started his career by serial bollywood debut by other rejected movies he never give up life true inspiration shahrukh khan sir,2021-03-30T06:13:54Z,48,0,shahrukh khan
937,Imran Barbhuiya,Salman khan,2021-03-29T11:56:36Z,0,0,salman khan
938,Muhammad Hassan,Stardom ka iklota malik SRK,2021-03-29T09:45:02Z,1,0,shahrukh khan
940,Emmanuel Pandkone,Girls love SRK and girls love Salman as a bhai ğŸ˜‚ğŸ˜‚ğŸ˜‚ğŸ˜‚ğŸ˜,2021-03-29T08:18:41Z,41,2,shahrukh khan
941,One life gamer,Only salman,2021-03-28T23:14:05Z,0,0,salman khan
943,Nurmahammad Ali,Of course shah rukh sir,2021-03-28T09:59:16Z,1,0,shahrukh khan
944,Suraj kumar suraj kumar,Salman bhai,2021-03-28T06:27:41Z,0,0,salman khan
945,Arsalan Ashraf,Salman khan megastar,2021-03-28T06:15:14Z,1,0,salman khan
946,sahil Shek,Bhaii salman ka koi comparison nhi ho sakta.srk ke fans international hai lekin hollywood ke actors hi salman ke fan he .always salman khan .jindagi ka sabse behtarin aadmi salman khan,2021-03-28T04:56:56Z,2,0,salman khan
947,arpan roka,Sala ko pata nahe srk king,2021-03-27T15:51:48Z,0,0,shahrukh khan
948,Amir Raza,The one and only Salman Khan,2021-03-26T21:02:59Z,0,0,salman khan
950,mammookka fan 369,Iam from kerala big fan srk ğŸ˜,2021-03-26T14:03:42Z,4,0,shahrukh khan
951,THE MAITAB,Only Shah Rukh Khan,2021-03-26T00:50:56Z,1,0,shahrukh khan
952,Zaid Khan,Salman khan hi srk ko Kam dilaya he,2021-03-24T18:30:44Z,0,0,salman khan
953,Zaid Khan,Salman Ka sachcha fan,2021-03-24T18:29:59Z,0,0,salman khan
954,Zaid Khan,Salman kahn dest,2021-03-24T18:29:34Z,0,0,salman khan
955,Zaid Khan,Salman is the best,2021-03-24T18:29:19Z,0,0,salman khan
956,Zaid Khan,Salman kahn Hine to sabko Kam dilaya he,2021-03-24T18:28:58Z,0,0,salman khan
957,pk gamer,Srk is almost great actor,2021-03-24T03:18:09Z,0,0,shahrukh khan
958,pk gamer,Girl fan srk,2021-03-24T03:17:50Z,0,0,shahrukh khan
959,Hamza Khan,Both are legend but i love srk,2021-03-24T00:36:00Z,1,0,shahrukh khan
960,Sunil Rode,salman khan,2021-03-23T18:14:43Z,0,0,salman khan
961,Roman Rainsh,Salman khan super hero,2021-03-23T11:57:54Z,0,0,salman khan
962,Abdul Majeed,Anytime SRK!!!ğŸ’¯ğŸ’¯ğŸ’¯ğŸ’¯â¤,2021-03-22T00:28:04Z,0,0,shahrukh khan
963,TECHNICAL KNOWLEDGE,Shahruk Khan Is King Always,2021-03-21T18:00:56Z,1,0,shahrukh khan
964,som Singh,Srk,2021-03-20T15:52:07Z,0,0,shahrukh khan
965,Afjaal hasan creation,My favorite hero srk,2021-03-19T17:46:01Z,2,0,shahrukh khan
966,SRKIAN EVER,SRK is the worlds biggest superstar no body can match his stardom <br>*Living legend <br>*Global icon <br>Because that&#39;s the fact<br>Check your own comment box you will come to know who has a huge stardom<br>King Khan for everğŸ–¤ğŸ’œğŸ–¤ğŸ’œ,2021-03-19T11:06:49Z,1,0,shahrukh khan
967,Rakesh Soni,Jab tak hamare megastar Salman Khan bhai ka hummesha acchi tarah se sach me jaj tak hum jinda he hummesha acchi tarah unke sapot  hu sapot me rahu gaa hummesha ke liye thank you super megastar Salman Khan bhai ko bahut pyara sa thank you â¤ï¸â¤ï¸â¤ï¸â¤ï¸â¤ï¸,2021-03-18T21:01:30Z,0,0,salman khan
969,Naushad Shaykh,"Some pepole said Srk is best, some pepole said salman best, but real hero is Subhash chandra bose and mahatma gandhi jii",2021-03-18T09:23:15Z,0,0,shahrukh khan
970,kejriwal_fan_club_,SRK sir ğŸ™ğŸ¼ğŸ™ğŸ¼ğŸ™ğŸ¼,2021-03-17T15:33:44Z,5,0,shahrukh khan
972,Anime Insane,Srk,2021-03-17T07:45:17Z,1,0,shahrukh khan
973,SRKians ğŸ¥°ğŸ’¥,Partial interviewer he himself is a fan of salman khan so he is taking interview of only salman fans,2021-03-17T03:38:06Z,0,0,salman khan
974,Junayed siddeke Jibon,Srk,2021-03-16T06:32:54Z,1,0,shahrukh khan
975,flash X,Srk,2021-03-15T15:42:17Z,1,0,shahrukh khan
976,Mostofa Sarwar,SHAHRUKH THE KING,2021-03-12T17:13:50Z,1,0,shahrukh khan
978,aditya kadam,"Always shahrukh khan,because he is the king and no one can take his position",2021-03-12T10:06:39Z,5,0,shahrukh khan
979,Tufajul Hossain,There is no comparison <br>Srk is self made superstar<br>Selmon is father made star,2021-03-12T08:39:44Z,4,0,salman khan
980,Peeru Peersab,Salman Khan best stardam,2021-03-12T08:29:31Z,0,0,salman khan
981,Pratik SRKian,"BBC ,cnn, said world most popular actor Shah Rukh KhanğŸ¦",2021-03-12T06:25:20Z,0,0,shahrukh khan
983,Rakesh Kumar,SRK.. King of bollywood..,2021-03-12T01:16:58Z,2,0,shahrukh khan
984,nadim Pathan,Salman,2021-03-11T18:10:43Z,0,0,salman khan
985,Aapka Dost,Sallu bhai,2021-03-11T17:40:14Z,0,0,salman khan
986,Tufajul Hossain,Shah Rukh Khan world biggest megastarâ¤,2021-03-11T08:39:48Z,2,0,shahrukh khan
987,Aavesh Siddique,Srk,2021-03-11T05:59:51Z,1,0,shahrukh khan
988,SRKian Kabir,"Educated People Loves Shah Rukh Khan .<br>Uneducated, Rikshawale Loves Salman Khan this is factsğŸ˜",2021-03-11T04:53:04Z,2,0,shahrukh khan
989,Badat Sabihabibi,Shah rukh khan ğŸ”¥ğŸ”¥ğŸ”¥,2021-03-10T09:07:33Z,11,0,shahrukh khan
990,Piece of Candy,Srk world&#39;s biggest superstar â¤ï¸,2021-03-10T05:44:24Z,1,0,shahrukh khan
991,Arfat,"<a href=""https://www.youtube.com/watch?v=EtuJyE7HauY&amp;t=4m31s"">4:31</a> shahrukh khan ji ka bahut BADA haiğŸ˜‚ğŸ˜‚ğŸ˜‚",2021-03-10T05:02:55Z,1,1,shahrukh khan
992,Arfat,Sallu bhai,2021-03-10T04:57:23Z,0,0,salman khan
993,Kowshik Singha,Obviously srk,2021-03-09T16:48:07Z,1,0,shahrukh khan
994,Ruthless king,SRK king of Bollywood<br>Selman Criminal of Bollywood <br>Chose wisely ğŸ‘,2021-03-09T16:40:15Z,2,0,shahrukh khan
995,Kishor Sumra,srk rocks,2021-03-09T15:55:08Z,2,0,shahrukh khan
996,Dial Singh,Sha Rukh Khan is an international Star he gets compared in Germany with Tom Cruise,2021-03-09T09:18:40Z,14,0,shahrukh khan
997,Sheikh Rizwan,SALMAN KHAN iS SUPPARğŸ˜ğŸ˜ğŸ˜ğŸ˜ğŸ˜ğŸ¤—ğŸ˜ğŸ˜ğŸ¤—ğŸ˜ğŸ¤—ğŸ¤—ğŸ˜ğŸ¤—ğŸ¤—ğŸ¤—ğŸ¤—ğŸ˜ğŸ˜ğŸ¤—ğŸ˜ğŸ˜ğŸ˜ğŸ˜ğŸ˜ğŸ˜ğŸ˜ğŸ˜ğŸ˜ğŸ˜ğŸ˜ğŸ˜ğŸ˜ğŸ˜ğŸ˜ğŸ˜ğŸ¤—ğŸ˜ğŸ˜ğŸ˜ğŸ˜ğŸ˜ğŸ˜ğŸ˜ğŸ˜ğŸ˜ğŸ˜ğŸ˜ğŸ˜ğŸ˜ğŸ˜ğŸ˜ğŸ˜ğŸ˜ğŸ˜ğŸ˜ğŸ˜ğŸ˜ğŸ˜ğŸ˜ğŸ˜ğŸ˜ğŸ˜ğŸ˜ğŸ˜ğŸ˜ğŸ˜ğŸ˜ğŸ˜ğŸ˜ğŸ˜ğŸ˜ğŸ˜ğŸ˜ğŸ˜ğŸ˜ğŸ˜ğŸ˜ğŸ˜ğŸ˜ğŸ˜ğŸ˜ğŸ˜ğŸ¤—ğŸ˜ğŸ˜ğŸ˜ğŸ˜ğŸ˜ğŸ˜ğŸ˜ğŸ˜ğŸ˜ğŸ˜ğŸ˜ğŸ˜ğŸ˜ğŸ˜ğŸ˜ğŸ˜ğŸ˜ğŸ˜ğŸ˜ğŸ˜ğŸ˜ğŸ¤—ğŸ¤©ğŸ¤©ğŸ¤©ğŸ¤©ğŸ¤©ğŸ¤©ğŸ¤©ğŸ¤©ğŸ¤©ğŸ¤©ğŸ¤©ğŸ¤©ğŸ¤©ğŸ¤©ğŸ¤©ğŸ¤©ğŸ¤©ğŸ¤©ğŸ¤©ğŸ¤©ğŸ¤©ğŸ¤©ğŸ¤©ğŸ¤©ğŸ¤©ğŸ¤©ğŸ¤©ğŸ¤©ğŸ¤©ğŸ˜ğŸ˜ğŸ˜ğŸ˜ğŸ˜ğŸ˜ğŸ˜ğŸ˜ğŸ˜ğŸ˜ğŸ˜ğŸ¤—ğŸ˜ğŸ˜ğŸ˜ğŸ˜ğŸ˜ğŸ˜ğŸ˜ğŸ˜ğŸ˜ğŸ˜ğŸ˜ğŸ˜ğŸ˜ğŸ˜ğŸ˜ğŸ˜ğŸ˜ğŸ¤—ğŸ˜ğŸ˜ğŸ¤—ğŸ˜ğŸ¤—ğŸ˜ğŸ¤—ğŸ¤—ğŸ˜ğŸ¤—ğŸ˜ğŸ˜ğŸ¤—ğŸ˜ğŸ˜ğŸ˜ğŸ˜ğŸ¤—ğŸ˜ğŸ˜ğŸ˜ğŸ˜ğŸ˜ğŸ˜ğŸ˜ğŸ˜ğŸ˜ğŸ˜ğŸ˜ğŸ˜ğŸ˜ğŸ˜ğŸ˜ğŸ˜ğŸ˜ğŸ˜ğŸ˜ğŸ¤©ğŸ¤©ğŸ¤©ğŸ¤©ğŸ¤©ğŸ¤©ğŸ¤©ğŸ¤©ğŸ¤©ğŸ¤©ğŸ¤©ğŸ¤©ğŸ¤©ğŸ¤©ğŸ¤©ğŸ¤©ğŸ¤©ğŸ¤©ğŸ¤©ğŸ¤©ğŸ¤©ğŸ¤©ğŸ¤©ğŸ¤©ğŸ¤©ğŸ¤©ğŸ˜ğŸ˜ğŸ˜ğŸ˜ğŸ˜ğŸ˜ğŸ™‚ğŸ˜ğŸ˜ğŸ™‚ğŸ˜ğŸ™‚ğŸ˜ğŸ˜ğŸ™‚ğŸ™‚ğŸ™‚ğŸ™‚ğŸ˜ğŸ™‚ğŸ˜ğŸ˜ğŸ˜ğŸ˜ğŸ˜ğŸ™‚ğŸ˜ğŸ˜ğŸ˜ğŸ˜ğŸ˜ğŸ˜ğŸ˜ğŸ˜ğŸ˜ğŸ˜ğŸ˜ğŸ˜ğŸ˜ğŸ˜ğŸ˜ğŸ˜ğŸ˜ğŸ˜ğŸ˜ƒğŸ˜ğŸ˜ƒğŸ˜ğŸ˜ğŸ˜ğŸ˜ğŸ˜ğŸ˜ğŸ˜ğŸ˜ğŸ˜ğŸ˜ğŸ˜ğŸ˜ğŸ¤—ğŸ˜ğŸ˜ğŸ¤—ğŸ¤—ğŸ¤—ğŸ¤—ğŸ¤—ğŸ¤—ğŸ¤—ğŸ¤—ğŸ˜ğŸ¤—ğŸ¤—ğŸ˜ğŸ˜ğŸ¤—ğŸ˜ğŸ˜ğŸ¤—ğŸ¤—ğŸ˜,2021-03-09T07:04:06Z,1,0,salman khan
998,Aishwary Bhagat,Srk = sk,2021-03-08T17:06:08Z,2,0,shahrukh khan
999,jitendra kr kaushik,Shah Rukh KhanğŸ‘‘,2021-03-08T09:53:29Z,3,0,shahrukh khan
